draft_file,id,display_name,edition,source_id,faction,faction_keywords,source_file,source_page,model_count,weapon_count,points,movement,toughness,save,wounds,base_mm,coherency_inches,review_bucket,review_flags,weapon_tags,decision
draft_140_p37.json,draft_140_p37,护卫侍从 140分,11,imperial_knights_11_cn,imperial_knights_11_cn,帝国骑士,帝国骑士 护民官版 1.1.pdf,37,1,4,1:140,12,9,3+,14,,2.0,needs_field_review,complex_weapon_damage,热熔2|速射3,pending_manual_review
draft_140_p38.json,draft_140_p38,战刃侍从 140分,11,imperial_knights_11_cn,imperial_knights_11_cn,帝国骑士,帝国骑士 护民官版 1.1.pdf,38,1,5,1:140,12,9,3+,14,,2.0,needs_field_review,complex_weapon_damage,热熔2|热熔4|速射3,pending_manual_review
draft_265_3_280_p34.json,draft_265_3_280_p34,战马骑士 265分 3+个 280分,11,imperial_knights_11_cn,imperial_knights_11_cn,帝国骑士,帝国骑士 护民官版 1.1.pdf,34,1,8,1:250,12,10,3+,18,,2.0,needs_field_review,complex_weapon_attacks|complex_weapon_damage|unsupported_weapon_keywords,突击|速射3|骑枪,pending_manual_review
draft_355_3_370_p28.json,draft_355_3_370_p28,勇武骑士 355分 3+个 370分,11,imperial_knights_11_cn,imperial_knights_11_cn,帝国骑士,帝国骑士 护民官版 1.1.pdf,28,1,9,1:375,10,11,3+,26,,2.0,needs_field_review,complex_weapon_attacks|complex_weapon_damage,双联|反飞行2+|曲射|毁灭伤害|热熔2|爆炸|致命一击|速射3,pending_manual_review
draft_355_3_375_p27.json,draft_355_3_375_p27,游侠骑士 355分 3+个 375分,11,imperial_knights_11_cn,imperial_knights_11_cn,帝国骑士,帝国骑士 护民官版 1.1.pdf,27,1,10,1:375,10,11,3+,26,,2.0,needs_field_review,complex_weapon_attacks|complex_weapon_damage,双联|反飞行2+|曲射|热熔2|热熔6|爆炸|速射3,pending_manual_review
draft_365_3_380_p31.json,draft_365_3_380_p31,教导骑士 365分 3+个380分,11,imperial_knights_11_cn,imperial_knights_11_cn,,帝国骑士 护民官版 1.1.pdf,31,1,12,1:365|3:380,10,11,3+,26,,2.0,needs_field_review,complex_weapon_attacks|complex_weapon_damage|missing_faction_keywords|missing_keywords,双联|反飞行2+|曲射|热熔2|爆炸|连击1|速射3,pending_manual_review
draft_375_3_390_p26.json,draft_375_3_390_p26,圣堂骑士 375分 3+个 390分,11,imperial_knights_11_cn,imperial_knights_11_cn,帝国骑士,帝国骑士 护民官版 1.1.pdf,26,1,10,1:375,10,11,3+,26,,2.0,needs_field_review,complex_weapon_attacks|complex_weapon_damage|unsupported_weapon_keywords,双联|反飞行 2+|曲射|热熔2|爆炸|速射3|速射D6+3,pending_manual_review
draft_375_3_390_p29.json,draft_375_3_390_p29,守望骑士 375分 3+个390分,11,imperial_knights_11_cn,imperial_knights_11_cn,帝国骑士,帝国骑士 护民官版 1.1.pdf,29,1,10,1:385,10,11,3+,26,,2.0,needs_field_review,complex_weapon_attacks|complex_weapon_damage,双联|反飞行 2+|曲射|热熔2|爆炸|速射3,pending_manual_review
draft_395_2_415_p30.json,draft_395_2_415_p30,远征骑士 395分 2+个415分,11,imperial_knights_11_cn,imperial_knights_11_cn,帝国骑士,帝国骑士 护民官版 1.1.pdf,30,1,9,1:395,10,11,3+,26,,2.0,needs_field_review,complex_weapon_attacks|complex_weapon_damage|unsupported_weapon_keywords,双联|反飞行2+|曲射|热熔2|热熔6|爆炸|速射3|速射D6+3,pending_manual_review
draft_3_80_150_p86.json,draft_3_80_150_p86,3+80/150,11,necrons_11_cn,necrons_11_cn,太空死灵,11版太空死灵规则1.01.pdf,86,1,4,1:70|1:140,12,5,4+,2,,2.0,needs_field_review,complex_weapon_attacks,爆炸|突击|致命一击,pending_manual_review
draft_400_2_420_p33.json,draft_400_2_420_p33,护卫骑士 400分 2+个 420分,11,imperial_knights_11_cn,imperial_knights_11_cn,帝国骑士,帝国骑士 护民官版 1.1.pdf,33,1,5,1:425,10,11,3+,26,,2.0,needs_field_review,complex_weapon_attacks|unsupported_weapon_keywords,危险|无视掩体|爆炸|转换光束|连击D3|速射1,pending_manual_review
draft_400_2_420_p35.json,draft_400_2_420_p35,堡主骑士 400分 2+个 420分,11,imperial_knights_11_cn,imperial_knights_11_cn,帝国骑士,帝国骑士 护民官版 1.1.pdf,35,1,7,1:410,8,12,3+,28,,2.0,needs_field_review,complex_weapon_attacks|complex_weapon_damage,危险|双联|反巨型4+|毁灭伤害|热熔2|爆炸,pending_manual_review
draft_400_3_415_p36.json,draft_400_3_415_p36,豪侠骑士 400分 3+个 415分,11,imperial_knights_11_cn,imperial_knights_11_cn,帝国骑士,帝国骑士 护民官版 1.1.pdf,36,1,5,1:410,8,12,3+,28,,2.0,needs_field_review,complex_weapon_attacks|complex_weapon_damage,双联|反巨型4+|毁灭伤害|热熔2|爆炸,pending_manual_review
draft_415_p24.json,draft_415_p24,狼王号 415分,11,imperial_knights_11_cn,imperial_knights_11_cn,帝国骑士,帝国骑士 护民官版 1.1.pdf,24,1,5,1:415,10,11,3+,26,,2.0,needs_field_review,complex_weapon_attacks,爆炸|连击1,pending_manual_review
draft_50mm_with_mole_grenade_launcher_p44.json,draft_50mm_with_mole_grenade_launcher_p44,[50mm with mole grenade launcher],11,leagues_votann_11_cn,leagues_votann_11_cn,沃坦联盟,11E沃坦index 分数更新6.17.pdf,44,1,4,1:200,6,6,5+,1,28.5,2.0,needs_field_review,complex_weapon_attacks,双联|反巨兽3+|反载具3+|曲射|爆炸,pending_manual_review
draft_85_p100.json,draft_85_p100,王朝征服者 85 分,11,necrons_11_cn,necrons_11_cn,太空死灵,11版太空死灵规则1.01.pdf,100,1,0,1:85,5,5,3+,6,,2.0,needs_field_review,missing_weapons,,pending_manual_review
draft_adrax_agatone_p62.json,draft_adrax_agatone_p62,Adrax Agatone,11,space_marines_11_cn,space_marines_11_cn,阿斯塔特修会|火蜥蜴 0,星际战士11版中文1.03.pdf,62,1,1,1:80,6,4,2+,5,,2.0,ready_for_base_faction_review,,,pending_manual_review
draft_anathema_psykana_rhino_p39.json,draft_anathema_psykana_rhino_p39,Anathema Psykana Rhino,10,imperial_agents_10_cn,imperial_agents_10_cn,帝國特勤。,10E-帝国特勤2.0YAZE版.pdf,39,1,3,1:115,12,9,3+,10,,2.0,needs_field_review,complex_weapon_damage,熱熔2|連擊1|連擊2|雙聯,pending_manual_review
draft_arkanyst_evaluator_32mm_p37.json,draft_arkanyst_evaluator_32mm_p37,ARKANYST EVALUATOR [⌀32mm],11,leagues_votann_11_cn,leagues_votann_11_cn,沃坦联盟,11E沃坦index 分数更新6.17.pdf,37,1,4,1:70,5,5,3+,4,32.0,2.0,needs_field_review,unsupported_weapon_keywords,危险|超载|速射1|速射2|速射3,pending_manual_review
draft_asmodai_p17.json,draft_asmodai_p17,Asmodai,11,dark_angels_11_cn,dark_angels_11_cn,阿斯塔特修会|黑暗天使,黑暗天使11版中文1.02.pdf,17,1,1,1:70,6,4,3+,4,,2.0,ready_for_base_faction_review,,手枪,pending_manual_review
draft_atv_p121.json,draft_atv_p121,ATV 突击车,11,space_marines_11_cn,space_marines_11_cn,阿斯塔特修会,星际战士11版中文1.03.pdf,121,1,5,1:60,12,5,3+,8,,2.0,needs_field_review,complex_weapon_damage|unsupported_weapon_keywords,3 双联|手枪|毁灭伤害|热熔2,pending_manual_review
draft_ax_1_0_p53.json,draft_ax_1_0_p53,虎鲨AX-1-0,11,tau_11_cn,tau_11_cn,钛帝国,钛帝国11版规则-20260919.pdf,53,1,7,1:315|1:375,-,11,3+,18,,2.0,needs_field_review,complex_weapon_damage|non_numeric_movement|non_numeric_objective_control|unsupported_weapon_keywords,"一次性|危险|核心：致命破灭D6+2|毁灭伤害,双联|阵营：为了上上善道",pending_manual_review
draft_ax_5_2_p74.json,draft_ax_5_2_p74,(AX-5-2)梭鱼,11,tau_11_cn,tau_11_cn,钛帝国,钛帝国11版规则-20260919.pdf,74,1,10,1:220,-,10,3+,14,,2.0,needs_field_review,complex_weapon_attacks|complex_weapon_damage|non_numeric_movement|non_numeric_objective_control|unsupported_weapon_keywords,一次性|危险|受损：剩余1-5W时|当本模型剩余1-5W时|核心：致命破灭D3|毁灭伤害|每次攻击时命中骰结果-1。|爆炸|爆炸，危险,pending_manual_review
draft_barbgaunts_p54.json,draft_barbgaunts_p54,Barbgaunts,11,tyranids_11_cn,tyranids_11_cn,泰伦虫族,泰伦虫族11版中文1.0.pdf,54,1,2,1:55,6,4,4+,2,,2.0,needs_field_review,complex_weapon_attacks,爆炸|重型,pending_manual_review
draft_battle_sister_squad_p37.json,draft_battle_sister_squad_p37,Battle Sister Squad,10,imperial_agents_10_cn,imperial_agents_10_cn,帝國特勤。,10E-帝国特勤2.0YAZE版.pdf,37,1,11,1:110,6,3,3+,1,,2.0,needs_field_review,complex_weapon_damage,危險|手槍|熱熔2|速射1|速射2|連擊1|重型,pending_manual_review
draft_berehk_stornbrow_40mm_p32.json,draft_berehk_stornbrow_40mm_p32,Berehk Stornbrow [⌀40mm],11,leagues_votann_11_cn,leagues_votann_11_cn,沃坦联盟,11E沃坦index 分数更新6.17.pdf,32,1,3,1:95,6,6,5+,5,40.0,2.0,needs_field_review,unsupported_weapon_keywords,反巨兽3+|反载具3+|额外攻击,pending_manual_review
draft_big_mek_in_mega_armour_p35.json,draft_big_mek_in_mega_armour_p35,Big Mek In Mega Armour,10,orks_10_cn,orks_10_cn,兽人,兽人10版中文老湿腐版1.11.pdf,35,1,6,1:90,5,6,2+,5,,2.0,needs_field_review,complex_weapon_damage,危险|反步兵4+|毁灭伤害|爆炸|速射1|速射2,pending_manual_review
draft_big_mek_with_shokk_attack_gun_p36.json,draft_big_mek_with_shokk_attack_gun_p36,Big Mek With Shokk Attack Gun,10,orks_10_cn,orks_10_cn,兽人 群,兽人10版中文老湿腐版1.11.pdf,36,1,2,1:80,6,5,4+,5,,2.0,needs_field_review,complex_weapon_attacks|complex_weapon_damage,爆炸|重型,pending_manual_review
draft_biologus_putrifier_p37.json,draft_biologus_putrifier_p37,生物腐化者Biologus Putrifier,11,death_guard_11_cn,death_guard_11_cn,死亡守卫,死亡守卫11版中文咸鱼罐头版v1.0.pdf,37,1,3,,5,6,3+,4,,2.0,needs_field_review,complex_weapon_attacks|missing_points|unsupported_weapon_keywords,反步兵2+|手枪|爆炸|突击|精准|致命一击,pending_manual_review
draft_br_khyr_iron_master_32mm_p38.json,draft_br_khyr_iron_master_32mm_p38,BRÔKHYR IRON-MASTER [⌀32mm],11,leagues_votann_11_cn,leagues_votann_11_cn,沃坦联盟,11E沃坦index 分数更新6.17.pdf,38,1,0,1:75,5,5,4+,4,32.0,2.0,needs_field_review,missing_weapons,,pending_manual_review
draft_br_khyr_thunderky_40mm_p47.json,draft_br_khyr_thunderky_40mm_p47,BRÔKHYR THUNDERKY [⌀40mm],11,leagues_votann_11_cn,leagues_votann_11_cn,沃坦联盟,11E沃坦index 分数更新6.17.pdf,47,1,3,1:160,5,6,3+,2,40.0,2.0,ready_for_base_faction_review,,反巨兽3+|反载具3+|连击2,pending_manual_review
draft_buri_aegnirssen_40mm_p31.json,draft_buri_aegnirssen_40mm_p31,BURI AEGNIRSSEN [⌀40mm],11,leagues_votann_11_cn,leagues_votann_11_cn,沃坦联盟,11E沃坦index 分数更新6.17.pdf,31,1,3,1:95,5,6,3+,5,40.0,2.0,needs_field_review,unsupported_weapon_keywords,手枪|精准,pending_manual_review
draft_callidus_assassin_p18.json,draft_callidus_assassin_p18,Callidus Assassin,10,imperial_agents_10_cn,imperial_agents_10_cn,帝國特勤。,10E-帝国特勤2.0YAZE版.pdf,18,1,0,1:125,7,4,6+,4,,2.0,needs_field_review,missing_weapons,,pending_manual_review
draft_captain_in_gravis_armour_p67.json,draft_captain_in_gravis_armour_p67,Captain in gravis armour,11,space_marines_11_cn,space_marines_11_cn,阿斯塔特修会,星际战士11版中文1.03.pdf,67,1,6,1:80,5,6,3+,6,,2.0,needs_field_review,unsupported_weapon_keywords,手枪|突击|重型|额外攻击,pending_manual_review
draft_captain_in_phobos_armour_p68.json,draft_captain_in_phobos_armour_p68,Captain in Phobos armour,11,space_marines_11_cn,space_marines_11_cn,阿斯塔特修会 5,星际战士11版中文1.03.pdf,68,1,2,1:70,6,4,3+,5,,2.0,needs_field_review,unsupported_weapon_keywords,手枪|精准,pending_manual_review
draft_captain_in_terminator_armour_p69.json,draft_captain_in_terminator_armour_p69,Captain in Terminator armour,11,space_marines_11_cn,space_marines_11_cn,阿斯塔特修会,星际战士11版中文1.03.pdf,69,1,2,1:85,5,5,2+,6,,2.0,ready_for_base_faction_review,,反步兵4+|毁灭伤害|速射1|速射2,pending_manual_review
draft_captain_p66.json,draft_captain_p66,Captain,11,space_marines_11_cn,space_marines_11_cn,阿斯塔特修会,星际战士11版中文1.03.pdf,66,1,8,1:80,6,4,3+,5,,2.0,ready_for_base_faction_review,,危险|手枪|毁灭伤害,pending_manual_review
draft_captain_uriel_ventris_p52.json,draft_captain_uriel_ventris_p52,Captain Uriel Ventris,11,space_marines_11_cn,space_marines_11_cn,阿斯塔特修会|极限战士,星际战士11版中文1.03.pdf,52,1,3,1:105,6,4,3+,5,,2.0,ready_for_base_faction_review,,手枪|连击1,pending_manual_review
draft_captain_with_jump_pack_p70.json,draft_captain_with_jump_pack_p70,Captain with jump pack,11,space_marines_11_cn,space_marines_11_cn,阿斯塔特修会腐,星际战士11版中文1.03.pdf,70,1,5,1:75,12,4,3+,5,,2.0,ready_for_base_faction_review,,手枪|毁灭伤害,pending_manual_review
draft_centurion_devastator_squad_p116.json,draft_centurion_devastator_squad_p116,CENTURION Devastator SQUAD,11,space_marines_11_cn,space_marines_11_cn,阿斯塔特修会 5,星际战士11版中文1.03.pdf,116,1,5,1:175,4,7,2+,4,,2.0,needs_field_review,complex_weapon_attacks|complex_weapon_damage,双联|反载具2+|爆炸|连击1|速射3,pending_manual_review
draft_chaos_rhino_p56.json,draft_chaos_rhino_p56,混沌犀牛战车Chaos Rhino,11,death_guard_11_cn,death_guard_11_cn,死亡守卫,死亡守卫11版中文咸鱼罐头版v1.0.pdf,56,1,4,,12,9,3+,10,,2.0,needs_field_review,complex_weapon_attacks|missing_points,反步兵4+|毁灭伤害|爆炸|致命一击|速射1|速射2,pending_manual_review
draft_chaos_spawn_of_nurgle_p47.json,draft_chaos_spawn_of_nurgle_p47,纳垢混沌魔物Chaos Spawn of Nurgle,11,death_guard_11_cn,death_guard_11_cn,死亡守卫,死亡守卫11版中文咸鱼罐头版v1.0.pdf,47,1,1,,8,7,4+,4,,2.0,needs_field_review,complex_weapon_attacks|missing_points,,pending_manual_review
draft_chaplain_in_terminator_armour_p79.json,draft_chaplain_in_terminator_armour_p79,Chaplain in Terminator armour,11,space_marines_11_cn,space_marines_11_cn,阿斯塔特修会,星际战士11版中文1.03.pdf,79,1,1,1:75,5,5,2+,5,,2.0,ready_for_base_faction_review,,速射2,pending_manual_review
draft_chaplain_on_bike_p80.json,draft_chaplain_on_bike_p80,Chaplain on bike,11,space_marines_11_cn,space_marines_11_cn,阿斯塔特修会,星际战士11版中文1.03.pdf,80,1,2,1:70,12,5,3+,5,,2.0,ready_for_base_faction_review,,双联|手枪,pending_manual_review
draft_chaplain_p78.json,draft_chaplain_p78,Chaplain,11,space_marines_11_cn,space_marines_11_cn,阿斯塔特修会 1,星际战士11版中文1.03.pdf,78,1,2,1:60,6,4,3+,4,,2.0,ready_for_base_faction_review,,手枪,pending_manual_review
draft_chaplain_with_jump_pack_p81.json,draft_chaplain_with_jump_pack_p81,Chaplain with jump pack,11,space_marines_11_cn,space_marines_11_cn,阿斯塔特修会,星际战士11版中文1.03.pdf,81,1,9,1:75,12,4,3+,4,,2.0,needs_field_review,complex_weapon_damage|unsupported_weapon_keywords,危险|反步兵4+|手枪|毁灭伤害|热熔2|近距离|速射|速射2,pending_manual_review
draft_chief_librarian_tigurius_p50.json,draft_chief_librarian_tigurius_p50,Chief librarian Tigurius,11,space_marines_11_cn,space_marines_11_cn,阿斯塔特修会|极限战士,星际战士11版中文1.03.pdf,50,1,4,1:85,6,4,3+,4,,2.0,needs_field_review,complex_weapon_attacks|complex_weapon_damage|unsupported_weapon_keywords,危险|手枪|灵能|爆炸,pending_manual_review
draft_corpuscarii_electro_priests_p42.json,draft_corpuscarii_electro_priests_p42,Corpuscarii Electro-Priests,11,mechanicus_11_cn,mechanicus_11_cn,机械修会,机械修会11版中文1.01.pdf,42,1,2,1:65,6,3,7+,1,,2.0,ready_for_base_faction_review,,手枪|连击2,pending_manual_review
draft_cthonian_earthshakers_80mm_p48.json,draft_cthonian_earthshakers_80mm_p48,CTHONIAN EARTHSHAKERS [⌀80mm],11,leagues_votann_11_cn,leagues_votann_11_cn,沃坦联盟,11E沃坦index 分数更新6.17.pdf,48,1,4,1:110,4,6,4+,6,80.0,2.0,needs_field_review,complex_weapon_attacks,手枪|曲射|爆炸|重型,pending_manual_review
draft_culexus_assassin_p16.json,draft_culexus_assassin_p16,Culexus Assassin,10,imperial_agents_10_cn,imperial_agents_10_cn,帝國特勤。,10E-帝国特勤2.0YAZE版.pdf,16,1,0,1:125,7,4,6+,4,,2.0,needs_field_review,missing_weapons,,pending_manual_review
draft_death_guard_icon_bearer_p41.json,draft_death_guard_icon_bearer_p41,死亡守卫持像者Death Guard Icon Bearer,11,death_guard_11_cn,death_guard_11_cn,死亡守卫,死亡守卫11版中文咸鱼罐头版v1.0.pdf,41,1,2,,5,6,3+,4,,2.0,needs_field_review,missing_points,致命一击,pending_manual_review
draft_deathleaper_p32.json,draft_deathleaper_p32,Deathleaper,11,tyranids_11_cn,tyranids_11_cn,泰伦虫族,泰伦虫族11版中文1.0.pdf,32,1,1,1:80|1:60,8,6,3+,7,,2.0,needs_field_review,unsupported_weapon_keywords,精准,pending_manual_review
draft_deathwatch_veterans_p28.json,draft_deathwatch_veterans_p28,Deathwatch Veterans,10,imperial_agents_10_cn,imperial_agents_10_cn,帝國特勤。,10E-帝国特勤2.0YAZE版.pdf,28,1,6,1:105,6,4,3+,2,,2.0,needs_field_review,complex_weapon_attacks|unsupported_weapon_keywords,無|爆炸|突擊|精準|速射D3|連擊1|重型,pending_manual_review
draft_deathwing_knights_p25.json,draft_deathwing_knights_p25,Deathwing Knights,11,dark_angels_11_cn,dark_angels_11_cn,阿斯塔特修会|黑暗天使,黑暗天使11版中文1.02.pdf,25,1,4,1:240,5,5,2+,4,,2.0,needs_field_review,unsupported_weapon_keywords,反巨兽4+|反载具4+|毁灭伤害|致命攻击|连击1,pending_manual_review
draft_deathwing_terminator_squad_p23.json,draft_deathwing_terminator_squad_p23,Deathwing Terminator Squad,11,dark_angels_11_cn,dark_angels_11_cn,,黑暗天使11版中文1.02.pdf,23,1,8,,5,5,2+,3,,2.0,needs_field_review,complex_weapon_attacks|missing_faction_keywords|missing_keywords|missing_points,危险|反载具3+|毁灭伤害|爆炸|速射2,pending_manual_review
draft_einhyr_champion_40mm_p34.json,draft_einhyr_champion_40mm_p34,EINHYR CHAMPION [⌀40mm],11,leagues_votann_11_cn,leagues_votann_11_cn,沃坦联盟,11E沃坦index 分数更新6.17.pdf,34,1,3,1:65,5,5,2+,5,40.0,2.0,needs_field_review,complex_weapon_damage,,pending_manual_review
draft_einhyr_hearthguar_32mm_p43.json,draft_einhyr_hearthguar_32mm_p43,EINHYR HEARTHGUAR [⌀32mm],11,leagues_votann_11_cn,leagues_votann_11_cn,沃坦联盟,11E沃坦index 分数更新6.17.pdf,43,1,6,,5,5,2+,2,32.0,2.0,needs_field_review,complex_weapon_attacks|missing_points,反巨兽3+|反载具3+|毁灭伤害|爆炸|速射1,pending_manual_review
draft_eversor_assassin_p17.json,draft_eversor_assassin_p17,Eversor Assassin,10,imperial_agents_10_cn,imperial_agents_10_cn,帝國特勤。,10E-帝国特勤2.0YAZE版.pdf,17,1,1,1:125,9,4,6+,4,,2.0,ready_for_base_faction_review,,,pending_manual_review
draft_exaction_squad_p32.json,draft_exaction_squad_p32,Exaction Squad,10,imperial_agents_10_cn,imperial_agents_10_cn,帝國特勤。,10E-帝国特勤2.0YAZE版.pdf,32,1,6,1:110,6,3,4+,1,,2.0,needs_field_review,complex_weapon_attacks|complex_weapon_damage|unsupported_weapon_keywords,手槍|無|無視掩體|爆炸|突擊|精準|速射3,pending_manual_review
draft_foul_blightspawn_p38.json,draft_foul_blightspawn_p38,恶臭病原体Foul Blightspawn,11,death_guard_11_cn,death_guard_11_cn,死亡守卫,死亡守卫11版中文咸鱼罐头版v1.0.pdf,38,1,1,,5,6,3+,4,,2.0,needs_field_review,missing_points,,pending_manual_review
draft_fulgurite_electro_priests_p43.json,draft_fulgurite_electro_priests_p43,Fulgurite Electro-Priests,11,mechanicus_11_cn,mechanicus_11_cn,机械修会,机械修会11版中文1.01.pdf,43,1,1,1:70,6,3,7+,1,,2.0,ready_for_base_faction_review,,毁灭伤害,pending_manual_review
draft_geomancer_p54.json,draft_geomancer_p54,Geomancer,11,necrons_11_cn,necrons_11_cn,太空死灵,11版太空死灵规则1.01.pdf,54,1,2,1:75,8,4,4+,4,,2.0,ready_for_base_faction_review,,热熔2,pending_manual_review
draft_grey_knights_terminator_squad_p40.json,draft_grey_knights_terminator_squad_p40,Grey Knights Terminator Squad,10,imperial_agents_10_cn,imperial_agents_10_cn,帝國特勤。,10E-帝国特勤2.0YAZE版.pdf,40,1,3,1:240,5,5,2+,3,,2.0,needs_field_review,unsupported_weapon_keywords,速射2|連擊1|靈能,pending_manual_review
draft_grimnyr_40mm_p35.json,draft_grimnyr_40mm_p35,GRIMNYR [⌀40mm],11,leagues_votann_11_cn,leagues_votann_11_cn,沃坦联盟,11E沃坦index 分数更新6.17.pdf,35,1,0,1:65,5,5,4+,4,40.0,2.0,needs_field_review,missing_weapons,,pending_manual_review
draft_harpy_p35.json,draft_harpy_p35,Harpy,11,tyranids_11_cn,tyranids_11_cn,泰伦虫族,泰伦虫族11版中文1.0.pdf,35,1,4,1:185,-,9,3+,12,,2.0,needs_field_review,complex_weapon_attacks|non_numeric_movement|non_numeric_objective_control,双联|爆炸,pending_manual_review
draft_hearthkyn_warrior_28_5mm_p40.json,draft_hearthkyn_warrior_28_5mm_p40,HEARTHKYN WARRIOR [⌀28.5mm],11,leagues_votann_11_cn,leagues_votann_11_cn,,11E沃坦index 分数更新6.17.pdf,40,1,13,1:100,5,5,4+,1,28.5,2.0,needs_field_review,complex_weapon_attacks|complex_weapon_damage|missing_faction_keywords|unsupported_weapon_keywords,手枪|毁灭伤害|爆炸|突击|连击1|连击D3|速射3|重型,pending_manual_review
draft_helbrute_p52.json,draft_helbrute_p52,地狱兽Helbrute,11,death_guard_11_cn,death_guard_11_cn,死亡守卫,死亡守卫11版中文咸鱼罐头版v1.0.pdf,52,1,10,,7,9,2+,8,,2.0,needs_field_review,complex_weapon_attacks|complex_weapon_damage|missing_points|unsupported_weapon_keywords,危险武器|双联|热熔2|爆炸|致命一击|连击1|速射2,pending_manual_review
draft_hernkyn_pioneers_90x52mm_p49.json,draft_hernkyn_pioneers_90x52mm_p49,HERNKYN PIONEERS [⌀90x52mm],11,leagues_votann_11_cn,leagues_votann_11_cn,沃坦联盟,11E沃坦index 分数更新6.17.pdf,49,1,6,1:160,12,6,4+,3,,2.0,needs_field_review,complex_weapon_attacks,手枪|爆炸|突击|连击1,pending_manual_review
draft_hernkyn_yaegirs_28_5mm_p42.json,draft_hernkyn_yaegirs_28_5mm_p42,HERNKYN YAEGIRS [⌀28.5mm],11,leagues_votann_11_cn,leagues_votann_11_cn,沃坦联盟,11E沃坦index 分数更新6.17.pdf,42,1,6,1:90,6,5,5+,1,28.5,2.0,needs_field_review,complex_weapon_damage|unsupported_weapon_keywords,反巨兽3+|反载具3+|忽视掩体|手枪|突击|精准,pending_manual_review
draft_hormagaunt_p53.json,draft_hormagaunt_p53,Hormagaunt,11,tyranids_11_cn,tyranids_11_cn,泰伦虫族,泰伦虫族11版中文1.0.pdf,53,1,1,1:70|1:45,10,3,5+,1,,2.0,ready_for_base_faction_review,,,pending_manual_review
draft_imperial_navy_breachers_p44.json,draft_imperial_navy_breachers_p44,Imperial Navy Breachers,10,imperial_agents_10_cn,imperial_agents_10_cn,帝國特勤。,10E-帝国特勤2.0YAZE版.pdf,44,1,8,1:105,6,3,4+,1,,2.0,needs_field_review,complex_weapon_damage,危險|手槍|無|熱熔2|突擊|速射1,pending_manual_review
draft_imperium_rhino_p46.json,draft_imperium_rhino_p46,Imperium Rhino,10,imperial_agents_10_cn,imperial_agents_10_cn,帝國特勤。,10E-帝国特勤2.0YAZE版.pdf,46,1,1,1:75,12,9,3+,10,,2.0,ready_for_base_faction_review,,速射2,pending_manual_review
draft_inner_circle_companions_p22.json,draft_inner_circle_companions_p22,Inner Circle Companions,11,dark_angels_11_cn,dark_angels_11_cn,阿斯塔特修会|黑暗天使 5,黑暗天使11版中文1.02.pdf,22,1,3,1:80,6,4,3+,3,,2.0,ready_for_base_faction_review,,手枪|致命一击|连击2,pending_manual_review
draft_inquisitor_coteaz_p21.json,draft_inquisitor_coteaz_p21,Inquisitor Coteaz,10,imperial_agents_10_cn,imperial_agents_10_cn,帝國特勤。,10E-帝国特勤2.0YAZE版.pdf,21,1,2,1:75,6,3,2+,4,,2.0,needs_field_review,complex_weapon_attacks,手槍,pending_manual_review
draft_inquisitor_draxus_p19.json,draft_inquisitor_draxus_p19,Inquisitor Draxus,10,imperial_agents_10_cn,imperial_agents_10_cn,帝國特勤。,10E-帝国特勤2.0YAZE版.pdf,19,1,2,1:75,6,3,3+,4,,2.0,needs_field_review,unsupported_weapon_keywords,連擊2|靈能,pending_manual_review
draft_inquisitor_eisenhorn_p22.json,draft_inquisitor_eisenhorn_p22,Inquisitor Eisenhorn,10,imperial_agents_10_cn,imperial_agents_10_cn,帝國特勤。,10E-帝国特勤2.0YAZE版.pdf,22,1,2,1:55,6,3,4+,4,,2.0,ready_for_base_faction_review,,手槍,pending_manual_review
draft_inquisitor_greyfax_p20.json,draft_inquisitor_greyfax_p20,Inquisitor Greyfax,10,imperial_agents_10_cn,imperial_agents_10_cn,帝國特勤。,10E-帝国特勤2.0YAZE版.pdf,20,1,2,1:65,6,3,3+,4,,2.0,ready_for_base_faction_review,,,pending_manual_review
draft_inquisitorial_henchmen_p23.json,draft_inquisitorial_henchmen_p23,Inquisitorial Henchmen,10,imperial_agents_10_cn,imperial_agents_10_cn,帝國特勤。,10E-帝国特勤2.0YAZE版.pdf,23,1,7,1:70,6,3,5+,2,,2.0,needs_field_review,complex_weapon_attacks|complex_weapon_damage,危險|手槍|熱熔2|爆炸|連擊1|重型,pending_manual_review
draft_ironstrider_ballistarii_p45.json,draft_ironstrider_ballistarii_p45,Ironstrider Ballistarii,11,mechanicus_11_cn,mechanicus_11_cn,机械修会 5,机械修会11版中文1.01.pdf,45,1,3,1:80,10,7,3+,7,,2.0,needs_field_review,complex_weapon_damage,双联|连击1,pending_manual_review
draft_k_hl_40mm_p33.json,draft_k_hl_40mm_p33,Kâhl [⌀40mm],11,leagues_votann_11_cn,leagues_votann_11_cn,沃坦联盟,11E沃坦index 分数更新6.17.pdf,33,1,4,1:65,5,5,3+,4,40.0,2.0,ready_for_base_faction_review,,毁灭伤害,pending_manual_review
draft_kapricus_carrier_105_x_70mm_p51.json,draft_kapricus_carrier_105_x_70mm_p51,KAPRICUS CARRIER [⌀105 x 70mm ],11,leagues_votann_11_cn,leagues_votann_11_cn,沃坦联盟,11E沃坦index 分数更新6.17.pdf,51,1,3,1:75,12,7,4+,7,,2.0,ready_for_base_faction_review,,双联,pending_manual_review
draft_kapricus_defender_105_x_70mm_p52.json,draft_kapricus_defender_105_x_70mm_p52,KAPRICUS DEFENDER [⌀105 x 70mm ],11,leagues_votann_11_cn,leagues_votann_11_cn,沃坦联盟,11E沃坦index 分数更新6.17.pdf,52,1,4,1:130,12,7,4+,7,,2.0,needs_field_review,complex_weapon_damage,双联|毁灭伤害|连击1|重型,pending_manual_review
draft_kastelan_robots_p44.json,draft_kastelan_robots_p44,Kastelan Robots,11,mechanicus_11_cn,mechanicus_11_cn,机械修会 腐,机械修会11版中文1.01.pdf,44,1,6,1:160,6,9,2+,7,,2.0,ready_for_base_faction_review,,双联|忽视掩体,pending_manual_review
draft_kv128_p48.json,draft_kv128_p48,(KV128)雷暴,11,tau_11_cn,tau_11_cn,钛帝国,钛帝国11版规则-20260919.pdf,48,1,8,1:360|1:385,8”,11,2+,20,,2.0,needs_field_review,complex_weapon_attacks|complex_weapon_damage,爆炸，重型|重型|重型，双联|重型，曲射，双联,pending_manual_review
draft_kx139_p54.json,draft_kx139_p54,(KX139)塔'钨钠至高装甲,11,tau_11_cn,tau_11_cn,钛帝国,钛帝国11版规则-20260919.pdf,54,1,10,1:790|1:890,8”,13,2+,30,,2.0,needs_field_review,complex_weapon_attacks|complex_weapon_damage|unsupported_weapon_keywords,加速移动或撤退时|曲射|核心：致命破灭D6+3|毁灭伤害，重型|热熔3|爆炸|爆炸，危险|超重型机甲|重型机甲：每次本模型标准移动|针对步兵2+,pending_manual_review
draft_lazarus_p21.json,draft_lazarus_p21,Lazarus,11,dark_angels_11_cn,dark_angels_11_cn,阿斯塔特修会|黑暗天使,黑暗天使11版中文1.02.pdf,21,1,1,1:70,6,4,3+,5,,2.0,ready_for_base_faction_review,,手枪,pending_manual_review
draft_librarian_in_phobos_armour_p76.json,draft_librarian_in_phobos_armour_p76,Librarian in Phobos armour,11,space_marines_11_cn,space_marines_11_cn,阿斯塔特修会 2,星际战士11版中文1.03.pdf,76,1,3,1:70,6,4,3+,4,,2.0,needs_field_review,complex_weapon_attacks|complex_weapon_damage|unsupported_weapon_keywords,危险|手枪|毁灭伤害|灵能,pending_manual_review
draft_librarian_in_terminator_armour_p77.json,draft_librarian_in_terminator_armour_p77,Librarian in terminator armour,11,space_marines_11_cn,space_marines_11_cn,阿斯塔特修会,星际战士11版中文1.03.pdf,77,1,5,1:75,5,5,2+,5,,2.0,needs_field_review,complex_weapon_attacks|complex_weapon_damage|unsupported_weapon_keywords,危险|反步兵4+|毁灭伤害|灵能|速射1|速射2,pending_manual_review
draft_librarian_p75.json,draft_librarian_p75,Librarian,11,space_marines_11_cn,space_marines_11_cn,阿斯塔特修会 5,星际战士11版中文1.03.pdf,75,1,3,1:70,6,4,3+,4,,2.0,needs_field_review,complex_weapon_attacks|complex_weapon_damage|unsupported_weapon_keywords,危险|手枪|毁灭伤害|灵能,pending_manual_review
draft_lieutenant_in_phobos_armour_p73.json,draft_lieutenant_in_phobos_armour_p73,Lieutenant in Phobos armour,11,space_marines_11_cn,space_marines_11_cn,阿斯塔特修会 1,星际战士11版中文1.03.pdf,73,1,3,1:45,6,4,3+,4,,2.0,ready_for_base_faction_review,,手枪|连击1,pending_manual_review
draft_lieutenant_in_reiver_armour_p72.json,draft_lieutenant_in_reiver_armour_p72,Lieutenant in reiver armour,11,space_marines_11_cn,space_marines_11_cn,阿斯塔特修会 1,星际战士11版中文1.03.pdf,72,1,2,1:45,6,4,3+,4,,2.0,needs_field_review,unsupported_weapon_keywords,手枪|精准,pending_manual_review
draft_lieutenant_p71.json,draft_lieutenant_p71,Lieutenant,11,space_marines_11_cn,space_marines_11_cn,阿斯塔特修会,星际战士11版中文1.03.pdf,71,1,8,1:45,6,4,3+,4,,2.0,ready_for_base_faction_review,,危险|手枪|毁灭伤害,pending_manual_review
draft_lion_el_jonson_p15.json,draft_lion_el_jonson_p15,Lion El’Jonson,11,dark_angels_11_cn,dark_angels_11_cn,阿斯塔特修会|黑暗天使,黑暗天使11版中文1.02.pdf,15,1,4,1:265,8,9,2+,10,,2.0,ready_for_base_faction_review,,手枪|致命一击|连击1,pending_manual_review
draft_lokhust_lord_p57.json,draft_lokhust_lord_p57,Lokhust Lord,11,necrons_11_cn,necrons_11_cn,太空死灵,11版太空死灵规则1.01.pdf,57,1,3,1:70,8,6,3+,6,,2.0,ready_for_base_faction_review,,毁灭伤害,pending_manual_review
draft_malignant_plaguecaster_p35.json,draft_malignant_plaguecaster_p35,恶瘟投放者Malignant Plaguecaster,11,death_guard_11_cn,death_guard_11_cn,死亡守卫,死亡守卫11版中文咸鱼罐头版v1.0.pdf,35,1,2,,5,6,3+,4,,2.0,needs_field_review,complex_weapon_damage|missing_points|unsupported_weapon_keywords,手枪|灵能|致命一击,pending_manual_review
draft_master_of_executions_p52.json,draft_master_of_executions_p52,Master of executions,11,chaos_marines_11_cn,chaos_marines_11_cn,阿斯塔特叛军 2,混沌星际战士11版中文1.01.pdf,52,1,2,1:70,6,4,3+,4,,2.0,needs_field_review,unsupported_weapon_keywords,3 手枪|毁灭伤害|精准,pending_manual_review
draft_master_of_possession_p51.json,draft_master_of_possession_p51,Master of possession,11,chaos_marines_11_cn,chaos_marines_11_cn,阿斯塔特叛军,混沌星际战士11版中文1.01.pdf,51,1,4,1:60,8,4,3+,4,,2.0,needs_field_review,complex_weapon_damage|unsupported_weapon_keywords,0 手枪|危险|反灵能者2+|手枪|灵能|精准,pending_manual_review
draft_memnyr_strategist_32mm_p36.json,draft_memnyr_strategist_32mm_p36,MEMNYR STRATEGIST [⌀32mm],11,leagues_votann_11_cn,leagues_votann_11_cn,沃坦联盟,11E沃坦index 分数更新6.17.pdf,36,1,2,1:45,5,5,4+,4,32.0,2.0,ready_for_base_faction_review,,,pending_manual_review
draft_miasmic_malignifier_p60.json,draft_miasmic_malignifier_p60,瘴毒机Miasmic Malignifier,11,death_guard_11_cn,death_guard_11_cn,死亡守卫,死亡守卫11版中文咸鱼罐头版v1.0.pdf,60,1,0,,-,10,3+,12,,2.0,needs_field_review,missing_points|missing_weapons|non_numeric_movement,,pending_manual_review
draft_ministorum_priest_p31.json,draft_ministorum_priest_p31,Ministorum Priest,10,imperial_agents_10_cn,imperial_agents_10_cn,帝國特勤。,10E-帝国特勤2.0YAZE版.pdf,31,1,1,1:45,6,3,6+,3,,2.0,ready_for_base_faction_review,,手槍,pending_manual_review
draft_navigator_p41.json,draft_navigator_p41,Navigator,10,imperial_agents_10_cn,imperial_agents_10_cn,帝國特勤。,10E-帝国特勤2.0YAZE版.pdf,41,1,1,1:60,6,3,5+,3,,2.0,ready_for_base_faction_review,,手槍,pending_manual_review
draft_neurolictor_p33.json,draft_neurolictor_p33,Neurolictor,11,tyranids_11_cn,tyranids_11_cn,泰伦虫族,泰伦虫族11版中文1.0.pdf,33,1,1,1:80|1:70,8,5,4+,7,,2.0,needs_field_review,unsupported_weapon_keywords,精准,pending_manual_review
draft_neurotyrant_p29.json,draft_neurotyrant_p29,Neurotyrant,11,tyranids_11_cn,tyranids_11_cn,泰伦虫族,泰伦虫族11版中文1.0.pdf,29,1,1,1:130,6,8,4+,9,,2.0,ready_for_base_faction_review,,,pending_manual_review
draft_norn_assimilator_p24.json,draft_norn_assimilator_p24,Norn Assimilator,11,tyranids_11_cn,tyranids_11_cn,泰伦虫族,泰伦虫族11版中文1.0.pdf,24,1,3,1:250,10,11,2+,16,,2.0,needs_field_review,complex_weapon_damage|unsupported_weapon_keywords,使用本武器射击后|选择一个被本武器|额外攻击,pending_manual_review
draft_norn_emissary_p23.json,draft_norn_emissary_p23,Norn Emissary,11,tyranids_11_cn,tyranids_11_cn,泰伦虫族,泰伦虫族11版中文1.0.pdf,23,1,3,1:250,10,11,2+,16,,2.0,needs_field_review,complex_weapon_attacks|complex_weapon_damage|unsupported_weapon_keywords,灵能|热熔2|爆炸|额外攻击,pending_manual_review
draft_noxious_blightbringer_p36.json,draft_noxious_blightbringer_p36,剧毒疫病使者Noxious Blightbringer,11,death_guard_11_cn,death_guard_11_cn,死亡守卫,死亡守卫11版中文咸鱼罐头版v1.0.pdf,36,1,1,,5,6,3+,4,,2.0,needs_field_review,missing_points,反灵能者2+|致命一击,pending_manual_review
draft_old_one_eye_p47.json,draft_old_one_eye_p47,Old One Eye,11,tyranids_11_cn,tyranids_11_cn,泰伦虫族,泰伦虫族11版中文1.0.pdf,47,1,2,1:140|1:120,8,9,2+,9,,2.0,needs_field_review,complex_weapon_damage,,pending_manual_review
draft_ordo_chimera_p25.json,draft_ordo_chimera_p25,Ordo Chimera,10,imperial_agents_10_cn,imperial_agents_10_cn,帝國特勤。,10E-帝国特勤2.0YAZE版.pdf,25,1,5,1:70,10,9,3+,11,,2.0,ready_for_base_faction_review,,無|速射2|速射3|速射6|連擊1,pending_manual_review
draft_overlord_p46.json,draft_overlord_p46,Overlord,11,necrons_11_cn,necrons_11_cn,太空死灵,11版太空死灵规则1.01.pdf,46,1,5,1:90,5,5,2+,6,,2.0,needs_field_review,complex_weapon_damage|unsupported_weapon_keywords,单发|毁灭伤害,pending_manual_review
draft_plague_marines_5_90_p42.json,draft_plague_marines_5_90_p42,瘟疫战士Plague Marines 5模型：90,11,death_guard_11_cn,death_guard_11_cn,,死亡守卫11版中文咸鱼罐头版v1.0.pdf,42,1,8,,5,6,3+,2,,2.0,needs_field_review,complex_weapon_attacks|complex_weapon_damage|missing_faction_keywords|missing_keywords|missing_points,手枪|热熔2|爆炸|致命一击,pending_manual_review
draft_plague_surgeon_p40.json,draft_plague_surgeon_p40,瘟疫军医Plague Surgeon,11,death_guard_11_cn,death_guard_11_cn,死亡守卫,死亡守卫11版中文咸鱼罐头版v1.0.pdf,40,1,2,,5,6,3+,4,,2.0,needs_field_review,missing_points,手枪|致命一击,pending_manual_review
draft_ravenwing_black_knights_p27.json,draft_ravenwing_black_knights_p27,RAVENWING Black Knights,11,dark_angels_11_cn,dark_angels_11_cn,阿斯塔特修会|黑暗天使,黑暗天使11版中文1.02.pdf,27,1,5,1:75,12,5,3+,3,,2.0,needs_field_review,complex_weapon_attacks|complex_weapon_damage,危险|手枪|爆炸|速射1,pending_manual_review
draft_ravenwing_dark_talon_p30.json,draft_ravenwing_dark_talon_p30,Ravenwing Dark Talon,11,dark_angels_11_cn,dark_angels_11_cn,阿斯塔特修会|黑暗天使,黑暗天使11版中文1.02.pdf,30,1,3,,-,8,3+,11,,2.0,needs_field_review,complex_weapon_attacks|missing_points|non_numeric_movement|non_numeric_objective_control,双联|毁灭伤害|爆炸|速射6,pending_manual_review
draft_ravenwing_darkshroud_p28.json,draft_ravenwing_darkshroud_p28,Ravenwing Darkshroud,11,dark_angels_11_cn,dark_angels_11_cn,阿斯塔特修会|黑暗天使 2,黑暗天使11版中文1.02.pdf,28,1,3,1:70,14,8,3+,10,,2.0,ready_for_base_faction_review,,毁灭伤害|连击1,pending_manual_review
draft_rogue_trader_entourage_p42.json,draft_rogue_trader_entourage_p42,Rogue Trader Entourage,10,imperial_agents_10_cn,imperial_agents_10_cn,帝國特勤。,10E-帝国特勤2.0YAZE版.pdf,42,1,4,1:100,6,3,4+,4,,2.0,needs_field_review,complex_weapon_damage|unsupported_weapon_keywords,手槍|毀滅傷害|連擊2,pending_manual_review
draft_serberys_raiders_p37.json,draft_serberys_raiders_p37,Serberys Raiders,11,mechanicus_11_cn,mechanicus_11_cn,机械修会 5,机械修会11版中文1.01.pdf,37,1,3,1:60,12,4,4+,2,,2.0,ready_for_base_faction_review,,手枪|毁灭伤害,pending_manual_review
draft_serberys_sulphurhounds_p38.json,draft_serberys_sulphurhounds_p38,Serberys Sulphurhounds,11,mechanicus_11_cn,mechanicus_11_cn,机械修会,机械修会11版中文1.01.pdf,38,1,4,1:55,12,4,4+,2,,2.0,needs_field_review,complex_weapon_attacks|unsupported_weapon_keywords,3忽视掩体|7 忽视掩体|手枪|毁灭伤害|爆炸,pending_manual_review
draft_shas_o_r_alai_p61.json,draft_shas_o_r_alai_p61,Shas’o R’alai,11,tau_11_cn,tau_11_cn,,钛帝国11版规则-20260919.pdf,61,1,2,1:80,8”,6,3+,6,,2.0,needs_field_review,complex_weapon_attacks|missing_faction_keywords|unsupported_weapon_keywords,单位中的|黯蚀立场发生器：当本模型领导一个单位时,pending_manual_review
draft_sicarian_infiltrators_p33.json,draft_sicarian_infiltrators_p33,Sicarian Infiltrators,11,mechanicus_11_cn,mechanicus_11_cn,机械修会,机械修会11版中文1.01.pdf,33,1,4,1:75,8,4,4+,2,,2.0,ready_for_base_faction_review,,手枪|连击2,pending_manual_review
draft_sicarian_ruststalkers_p34.json,draft_sicarian_ruststalkers_p34,Sicarian Ruststalkers,11,mechanicus_11_cn,mechanicus_11_cn,机械修会,机械修会11版中文1.01.pdf,34,1,3,1:75,8,4,4+,2,,2.0,needs_field_review,unsupported_weapon_keywords,反步兵3+|毁灭伤害|精准,pending_manual_review
draft_skitarii_vanguard_p30.json,draft_skitarii_vanguard_p30,SKITARII Vanguard,11,mechanicus_11_cn,mechanicus_11_cn,机械修会,机械修会11版中文1.01.pdf,30,1,8,1:85,6,3,4+,1,,2.0,needs_field_review,complex_weapon_damage|unsupported_weapon_keywords,危险|反步兵4+|反载具4+|手枪|毁灭伤害|精准|速射1|重型,pending_manual_review
draft_skorpius_duneriders_p49.json,draft_skorpius_duneriders_p49,Skorpius Duneriders,11,mechanicus_11_cn,mechanicus_11_cn,机械修会 2,机械修会11版中文1.01.pdf,49,1,2,1:75,12,9,3+,11,,2.0,ready_for_base_faction_review,,双联|连击1|速射9,pending_manual_review
draft_sporocyst_p51.json,draft_sporocyst_p51,Sporocyst,11,tyranids_11_cn,tyranids_11_cn,泰伦虫族,泰伦虫族11版中文1.0.pdf,51,1,2,1:145|1:30,-,10,3+,10,,2.0,needs_field_review,non_numeric_movement|unsupported_weapon_keywords,防御阵列,pending_manual_review
draft_subductor_squad_p34.json,draft_subductor_squad_p34,Subductor Squad,10,imperial_agents_10_cn,imperial_agents_10_cn,帝國特勤。,10E-帝国特勤2.0YAZE版.pdf,34,1,1,1:110,6,3,3+,1,,2.0,ready_for_base_faction_review,,手槍,pending_manual_review
draft_tallyman_p39.json,draft_tallyman_p39,书记官Tallyman,11,death_guard_11_cn,death_guard_11_cn,死亡守卫,死亡守卫11版中文咸鱼罐头版v1.0.pdf,39,1,1,,5,6,3+,4,,2.0,needs_field_review,missing_points,,pending_manual_review
draft_techmarine_p82.json,draft_techmarine_p82,Techmarine,11,space_marines_11_cn,space_marines_11_cn,阿斯塔特修会,星际战士11版中文1.03.pdf,82,1,3,1:55,6,4,2+,4,,2.0,needs_field_review,unsupported_weapon_keywords,额外攻击,pending_manual_review
draft_technoarcheologist_p24.json,draft_technoarcheologist_p24,Technoarcheologist,11,mechanicus_11_cn,mechanicus_11_cn,机械修会,机械修会11版中文1.01.pdf,24,1,2,1:45,6,4,3+,3,,2.0,ready_for_base_faction_review,,反载具4+|手枪|毁灭伤害,pending_manual_review
draft_tesseract_vault_2_465_p91.json,draft_tesseract_vault_2_465_p91,Tesseract Vault 2+465,11,necrons_11_cn,necrons_11_cn,太空死灵,11版太空死灵规则1.01.pdf,91,1,3,1:445,8,12,2+,24,,2.0,needs_field_review,complex_weapon_attacks,爆炸|针对角色4+,pending_manual_review
draft_thar_the_destined_40mm_p30.json,draft_thar_the_destined_40mm_p30,ÛTHAR THE DESTINED[⌀40mm],11,leagues_votann_11_cn,leagues_votann_11_cn,沃坦联盟,11E沃坦index 分数更新6.17.pdf,30,1,2,1:90,5,5,3+,5,40.0,2.0,ready_for_base_faction_review,,毁灭伤害,pending_manual_review
draft_tx4_p40.json,draft_tx4_p40,(TX4)水虎鱼,11,tau_11_cn,tau_11_cn,钛帝国,钛帝国11版规则-20260919.pdf,40,1,5,1:65|2:110|3:165|1:75|2:120|3:175,14”,7,4+,7,,2.0,needs_field_review,complex_weapon_damage|unsupported_weapon_keywords,一次性|双联，突击|斥候9”|核心：致命破灭1|热熔4,pending_manual_review
draft_tx_42_p59.json,draft_tx_42_p59,TX-42水虎鱼,11,tau_11_cn,tau_11_cn,钛帝国,钛帝国11版规则-20260919.pdf,59,1,5,1:60,14”,7,4+,7,,2.0,needs_field_review,complex_weapon_damage|unsupported_weapon_keywords,侧击：本单位从增援入场时|它可以放置在敌方布置区|毁灭伤害|热熔2|阵营：为了上上善道,pending_manual_review
draft_ty7_p45.json,draft_ty7_p45,(TY7)魔鬼鱼,11,tau_11_cn,tau_11_cn,钛帝国,钛帝国11版规则-20260919.pdf,45,1,5,1:85,12”,9,3+,13,,2.0,needs_field_review,complex_weapon_damage|unsupported_weapon_keywords,一次性|曲射|核心：致命破灭D3|突击，双联,pending_manual_review
draft_unit_page_100_p100.json,draft_unit_page_100_p100,侵略者小队,11,space_marines_11_cn,space_marines_11_cn,阿斯塔特修会 2,星际战士11版中文1.03.pdf,100,1,3,1:80,5,6,3+,3,,2.0,needs_field_review,complex_weapon_attacks,双联|爆炸,pending_manual_review
draft_unit_page_101_p101.json,draft_unit_page_101_p101,根除者小队,11,space_marines_11_cn,space_marines_11_cn,阿斯塔特修会 2,星际战士11版中文1.03.pdf,101,1,4,1:90,5,6,3+,3,,2.0,needs_field_review,complex_weapon_damage,手枪|热熔2|重型,pending_manual_review
draft_unit_page_102_p102.json,draft_unit_page_102_p102,重爆弹根除者小队,11,space_marines_11_cn,space_marines_11_cn,阿斯塔特修会 2,星际战士11版中文1.03.pdf,102,1,3,1:80,5,6,3+,3,,2.0,ready_for_base_faction_review,,手枪|连击1|重型,pending_manual_review
draft_unit_page_103_p103.json,draft_unit_page_103_p103,拦截者小队,11,space_marines_11_cn,space_marines_11_cn,阿斯塔特修会 5,星际战士11版中文1.03.pdf,103,1,4,1:125,10,6,3+,3,,2.0,needs_field_review,unsupported_weapon_keywords,3突击|危险|双联|手枪|突击|连击2,pending_manual_review
draft_unit_page_104_p104.json,draft_unit_page_104_p104,渗透者小队,11,space_marines_11_cn,space_marines_11_cn,阿斯塔特修会,星际战士11版中文1.03.pdf,104,1,3,1:110,6,4,3+,2,,2.0,ready_for_base_faction_review,,手枪|重型,pending_manual_review
draft_unit_page_105_p105.json,draft_unit_page_105_p105,入侵者小队,11,space_marines_11_cn,space_marines_11_cn,阿斯塔特修会 2,星际战士11版中文1.03.pdf,105,1,3,1:85,6,4,3+,2,,2.0,ready_for_base_faction_review,,忽视掩体|手枪|突击|连击1,pending_manual_review
draft_unit_page_106_p106.json,draft_unit_page_106_p106,劫掠者小队,11,space_marines_11_cn,space_marines_11_cn,阿斯塔特修会 2,星际战士11版中文1.03.pdf,106,1,4,1:75,6,4,3+,2,,2.0,needs_field_review,unsupported_weapon_keywords,手枪|精准,pending_manual_review
draft_unit_page_107_p107.json,draft_unit_page_107_p107,歼灭者小队,11,space_marines_11_cn,space_marines_11_cn,阿斯塔特修会,星际战士11版中文1.03.pdf,107,1,5,1:75,6,4,3+,2,,2.0,needs_field_review,complex_weapon_damage|unsupported_weapon_keywords,手枪|精准|重型,pending_manual_review
draft_unit_page_108_p108.json,draft_unit_page_108_p108,突击终结者小队,11,space_marines_11_cn,space_marines_11_cn,阿斯塔特修会,星际战士11版中文1.03.pdf,108,1,1,1:155,5,5,2+,3,,2.0,ready_for_base_faction_review,,双联,pending_manual_review
draft_unit_page_109_p109.json,draft_unit_page_109_p109,终结者小队,11,space_marines_11_cn,space_marines_11_cn,阿斯塔特修会 腐,星际战士11版中文1.03.pdf,109,1,6,1:160,5,5,2+,3,,2.0,needs_field_review,complex_weapon_attacks|complex_weapon_damage,反载具3+|毁灭伤害|爆炸|速射2,pending_manual_review
draft_unit_page_10_p10.json,draft_unit_page_10_p10,守望连长阿尔忒弥斯,10,deathwatch_10_cn,deathwatch_10_cn,：,死亡守望 10.8.pdf,10,1,1,,"6""",4,3+,4,,2.0,needs_field_review,missing_points,,pending_manual_review
draft_unit_page_110_p110.json,draft_unit_page_110_p110,战术小队,11,space_marines_11_cn,space_marines_11_cn,,星际战士11版中文1.03.pdf,110,1,21,,6,4,3+,2,,2.0,needs_field_review,complex_weapon_attacks|complex_weapon_damage|missing_faction_keywords|missing_keywords|missing_points|unsupported_weapon_keywords,3 无|3 重型|危险|双联|反步兵4+|反载具2+|手枪|毁灭伤害|热熔2|爆炸|连击1|速射1|重型,pending_manual_review
draft_unit_page_112_p112.json,draft_unit_page_112_p112,侦查小队,11,space_marines_11_cn,space_marines_11_cn,阿斯塔特修会,星际战士11版中文1.03.pdf,112,1,8,1:65,6,4,4+,2,,2.0,needs_field_review,complex_weapon_attacks|complex_weapon_damage,手枪|爆炸|突击|连击1|重型,pending_manual_review
draft_unit_page_113_p113.json,draft_unit_page_113_p113,破坏者小队,11,space_marines_11_cn,space_marines_11_cn,阿斯塔特修会,星际战士11版中文1.03.pdf,113,1,17,1:120,6,4,3+,2,,2.0,needs_field_review,complex_weapon_attacks|complex_weapon_damage|unsupported_weapon_keywords,危险|反步兵4+|反载具2+|手枪|毁灭伤害|爆炸|连击1|速射|重型,pending_manual_review
draft_unit_page_115_p115.json,draft_unit_page_115_p115,百夫长突击小队,11,space_marines_11_cn,space_marines_11_cn,阿斯塔特修会,星际战士11版中文1.03.pdf,115,1,3,1:150,4,7,2+,4,,2.0,needs_field_review,complex_weapon_damage,双联|热熔2|速射3,pending_manual_review
draft_unit_page_117_p117.json,draft_unit_page_117_p117,跳跃背包先锋老兵小队,11,space_marines_11_cn,space_marines_11_cn,阿斯塔特修会,星际战士11版中文1.03.pdf,117,1,7,1:105,12,4,3+,2,,2.0,needs_field_review,complex_weapon_damage|unsupported_weapon_keywords,3反载具2+|手枪|热熔2,pending_manual_review
draft_unit_page_118_p118.json,draft_unit_page_118_p118,压制者小队,11,space_marines_11_cn,space_marines_11_cn,阿斯塔特修会 1,星际战士11版中文1.03.pdf,118,1,3,1:85,12,4,3+,2,,2.0,ready_for_base_faction_review,,手枪|重型,pending_manual_review
draft_unit_page_11_p11.json,draft_unit_page_11_p11,蛮人小子,11,core_rules_11_cn,core_rules_11_cn,：,11版核心规则简中 (2).pdf,11,1,3,,"6""",5,5+,1,,2.0,needs_field_review,complex_weapon_strength|missing_points|unsupported_weapon_keywords,近距离|速 枪 射 1|阵营：Waaagh！ 3,pending_manual_review
draft_unit_page_11_p11_deathwatch_unknown.json,draft_unit_page_11_p11,死亡守望老兵,0,deathwatch_unknown,deathwatch_unknown,：,死亡守望.pdf,11,1,10,,"6""",4,3+,2,,2.0,needs_field_review,complex_weapon_attacks|missing_points|unsupported_weapon_keywords,双联|毁灭伤害|爆炸，重型，速射 D3|破敌重誓|突击|重型，精准|针对步兵 4+，毁灭伤害，速射 1|阵营：任务战术,pending_manual_review
draft_unit_page_120_p120.json,draft_unit_page_120_p120,先遣者摩托小队,11,space_marines_11_cn,space_marines_11_cn,阿斯塔特修会,星际战士11版中文1.03.pdf,120,1,7,1:70,12,5,3+,4,,2.0,needs_field_review,complex_weapon_damage|unsupported_weapon_keywords,3 手枪|双联|手枪|毁灭伤害|热熔2,pending_manual_review
draft_unit_page_122_p122.json,draft_unit_page_122_p122,不屈型战术机甲,11,space_marines_11_cn,space_marines_11_cn,阿斯塔特修会,星际战士11版中文1.03.pdf,122,1,5,1:125,8,8,3+,12,,2.0,needs_field_review,complex_weapon_attacks,双联|爆炸|连击1|速射3,pending_manual_review
draft_unit_page_123_p123.json,draft_unit_page_123_p123,无畏机甲,11,space_marines_11_cn,space_marines_11_cn,阿斯塔特修会,星际战士11版中文1.03.pdf,123,1,10,1:135,6,9,2+,8,,2.0,needs_field_review,complex_weapon_attacks|complex_weapon_damage,危险|双联|毁灭伤害|热熔2|爆炸|速射2,pending_manual_review
draft_unit_page_124_p124.json,draft_unit_page_124_p124,救赎者型无畏机甲,11,space_marines_11_cn,space_marines_11_cn,阿斯塔特修会,星际战士11版中文1.03.pdf,124,1,6,1:195,8,10,2+,12,,2.0,needs_field_review,complex_weapon_attacks,危险|双联|毁灭伤害|爆炸|速射2,pending_manual_review
draft_unit_page_125_p125.json,draft_unit_page_125_p125,蛮兽型无畏机甲,11,space_marines_11_cn,space_marines_11_cn,阿斯塔特修会,星际战士11版中文1.03.pdf,125,1,7,1:150,8,10,2+,12,,2.0,needs_field_review,complex_weapon_damage,双联|反飞行4+|热熔2|连击1|速射3,pending_manual_review
draft_unit_page_126_p126.json,draft_unit_page_126_p126,射手型无畏机甲,11,space_marines_11_cn,space_marines_11_cn,阿斯塔特修会,星际战士11版中文1.03.pdf,126,1,5,1:150,8,10,2+,12,,2.0,needs_field_review,complex_weapon_attacks|complex_weapon_damage,双联|爆炸|速射2,pending_manual_review
draft_unit_page_127_p127.json,draft_unit_page_127_p127,烈火炮台,11,space_marines_11_cn,space_marines_11_cn,阿斯塔特修会,星际战士11版中文1.03.pdf,127,1,3,1:75,3,6,2+,6,,2.0,needs_field_review,complex_weapon_damage,双联,pending_manual_review
draft_unit_page_128_p128.json,draft_unit_page_128_p128,旋风火箭炮,11,space_marines_11_cn,space_marines_11_cn,阿斯塔特修会,星际战士11版中文1.03.pdf,128,1,4,1:175,10,10,3+,11,,2.0,needs_field_review,complex_weapon_attacks|complex_weapon_damage|unsupported_weapon_keywords,7 无|一次性武器|曲射|爆炸|速射2,pending_manual_review
draft_unit_page_129_p129.json,draft_unit_page_129_p129,破坏者型猎食者坦克,11,space_marines_11_cn,space_marines_11_cn,阿斯塔特修会,星际战士11版中文1.03.pdf,129,1,6,1:140,10,10,3+,11,,2.0,needs_field_review,complex_weapon_damage|unsupported_weapon_keywords,7 无|一次性武器|连击1|速射2,pending_manual_review
draft_unit_page_12_p12.json,draft_unit_page_12_p12,死亡守望老兵,10,deathwatch_10_cn,deathwatch_10_cn,：,死亡守望 10.8.pdf,12,1,10,,"6""",4,3+,2,,2.0,needs_field_review,complex_weapon_attacks|missing_points|unsupported_weapon_keywords,双联|毁灭伤害|爆炸，重型，速射 D3|破敌重誓|突击|重型，精准|针对步兵 4+，毁灭伤害，速射 1|阵营：任务战术,pending_manual_review
draft_unit_page_130_p130.json,draft_unit_page_130_p130,歼灭者型猎食者坦克,11,space_marines_11_cn,space_marines_11_cn,阿斯塔特修会,星际战士11版中文1.03.pdf,130,1,6,1:135,10,10,3+,11,,2.0,needs_field_review,complex_weapon_damage|unsupported_weapon_keywords,0 无|一次性武器|双联|连击1|速射2,pending_manual_review
draft_unit_page_131_p131.json,draft_unit_page_131_p131,维护者突击炮,11,space_marines_11_cn,space_marines_11_cn,阿斯塔特修会,星际战士11版中文1.03.pdf,131,1,4,1:185,9,11,2+,11,,2.0,needs_field_review,complex_weapon_attacks|complex_weapon_damage|unsupported_weapon_keywords,0 无|3 爆炸|一次性武器|速射2,pending_manual_review
draft_unit_page_132_p132.json,draft_unit_page_132_p132,枪骑兵型角斗者坦克,11,space_marines_11_cn,space_marines_11_cn,阿斯塔特修会,星际战士11版中文1.03.pdf,132,1,7,1:160,10,10,3+,12,,2.0,needs_field_review,complex_weapon_attacks|complex_weapon_damage|unsupported_weapon_keywords,3 反飞行2+|3 爆炸|热熔2|速射2|速射3|重型,pending_manual_review
draft_unit_page_133_p133.json,draft_unit_page_133_p133,死神型角斗者坦克,11,space_marines_11_cn,space_marines_11_cn,阿斯塔特修会 5,星际战士11版中文1.03.pdf,133,1,6,1:160,10,10,3+,12,,2.0,needs_field_review,complex_weapon_attacks|complex_weapon_damage|unsupported_weapon_keywords,3毁灭伤害|双联|反飞行2+|热熔2|速射3|速射4,pending_manual_review
draft_unit_page_134_p134.json,draft_unit_page_134_p134,豪侠型角斗者坦克,11,space_marines_11_cn,space_marines_11_cn,阿斯塔特修会,星际战士11版中文1.03.pdf,134,1,6,1:150,10,10,3+,12,,2.0,needs_field_review,complex_weapon_attacks|complex_weapon_damage|unsupported_weapon_keywords,3 双联|反飞行2+|热熔2|速射3,pending_manual_review
draft_unit_page_135_p135.json,draft_unit_page_135_p135,兰德掠袭者坦克,11,space_marines_11_cn,space_marines_11_cn,阿斯塔特修会,星际战士11版中文1.03.pdf,135,1,6,1:220,10,12,2+,16,,2.0,needs_field_review,complex_weapon_damage|unsupported_weapon_keywords,3 一次性武器|3 速射2|7 连击1|双联|热熔2,pending_manual_review
draft_unit_page_136_p136.json,draft_unit_page_136_p136,十字军型兰德掠袭者坦克,11,space_marines_11_cn,space_marines_11_cn,阿斯塔特修会,星际战士11版中文1.03.pdf,136,1,6,1:220,12,12,2+,16,,2.0,needs_field_review,complex_weapon_damage|unsupported_weapon_keywords,3速射6|一次性武器|双联|毁灭伤害|热熔2|速射2,pending_manual_review
draft_unit_page_137_p137.json,draft_unit_page_137_p137,救赎者型兰德掠袭者坦克,11,space_marines_11_cn,space_marines_11_cn,阿斯塔特修会,星际战士11版中文1.03.pdf,137,1,5,1:250,12,12,2+,16,,2.0,needs_field_review,complex_weapon_damage,一次性武器|双联|毁灭伤害|热熔2|速射2,pending_manual_review
draft_unit_page_138_p138.json,draft_unit_page_138_p138,反击者突击艇,11,space_marines_11_cn,space_marines_11_cn,阿斯塔特修会,星际战士11版中文1.03.pdf,138,1,7,1:170,10,12,3+,16,,2.0,needs_field_review,complex_weapon_damage|unsupported_weapon_keywords,0 曲射|7 毁灭伤害|一次性武器|双联|连击1,pending_manual_review
draft_unit_page_139_p139.json,draft_unit_page_139_p139,处决者型反击者坦克,11,space_marines_11_cn,space_marines_11_cn,阿斯塔特修会,星际战士11版中文1.03.pdf,139,1,9,1:255,10,12,3+,16,,2.0,needs_field_review,complex_weapon_attacks|complex_weapon_damage|unsupported_weapon_keywords,3 热熔2|双联|反飞行2+|反飞行4+|毁灭伤害|连击1|速射3|重型,pending_manual_review
draft_unit_page_13_p13.json,draft_unit_page_13_p13,死亡守望终结者小队,0,deathwatch_unknown,deathwatch_unknown,：,死亡守望.pdf,13,1,11,,"5""",5,2+,3,,2.0,needs_field_review,complex_weapon_attacks|complex_weapon_damage|missing_points|unsupported_weapon_keywords,但在结算该计谋时|位使用迅速入场计谋|双联|必须将该|毁灭伤害|爆炸|爆炸，危险|速射 2|针对载具 3+,pending_manual_review
draft_unit_page_13_p13_space_wolves_11_cn.json,draft_unit_page_13_p13,罗根.格里姆纳尔,11,space_wolves_11_cn,space_wolves_11_cn,阿斯塔特修会|太空野狼,太空野狼11版中文1.01.pdf,13,1,4,1:100,6,5,2+,8,,2.0,needs_field_review,unsupported_weapon_keywords,速射2|额外攻击,pending_manual_review
draft_unit_page_13_p13_tau_11_cn.json,draft_unit_page_13_p13,影阳指挥官,11,tau_11_cn,tau_11_cn,钛帝国,钛帝国11版规则-20260919.pdf,13,1,5,1:100,10”,4,3+,6,,2.0,needs_field_review,complex_weapon_damage|unsupported_weapon_keywords,手枪|核心：渗透者|灵巧战士：本模型撤退的当回合可如常射击。|热熔2|独行特工|装备能力|隐匿,pending_manual_review
draft_unit_page_140_p140.json,draft_unit_page_140_p140,犀牛装甲车,11,space_marines_11_cn,space_marines_11_cn,阿斯塔特修会 3,星际战士11版中文1.03.pdf,140,1,3,1:65,12,9,3+,10,,2.0,needs_field_review,complex_weapon_damage,一次性武器|速射2,pending_manual_review
draft_unit_page_141_p141.json,draft_unit_page_141_p141,豪猪装甲车,11,space_marines_11_cn,space_marines_11_cn,阿斯塔特修会,星际战士11版中文1.03.pdf,141,1,5,1:85,12,9,3+,10,,2.0,needs_field_review,complex_weapon_damage|unsupported_weapon_keywords,3 双联|一次性武器|双联|连击1|速射2,pending_manual_review
draft_unit_page_142_p142.json,draft_unit_page_142_p142,冲击者突击艇,11,space_marines_11_cn,space_marines_11_cn,阿斯塔特修会,星际战士11版中文1.03.pdf,142,1,9,1:70,12,9,3+,11,,2.0,needs_field_review,complex_weapon_attacks|complex_weapon_damage,反飞行2+|反飞行4+|热熔2|爆炸|连击1|速射2|速射3,pending_manual_review
draft_unit_page_143_p143.json,draft_unit_page_143_p143,空降仓,11,space_marines_11_cn,space_marines_11_cn,阿斯塔特修会,星际战士11版中文1.03.pdf,143,1,0,1:60,-,7,3+,8,,2.0,needs_field_review,missing_weapons|non_numeric_movement,,pending_manual_review
draft_unit_page_144_p144.json,draft_unit_page_144_p144,冰雹型风暴速攻艇,11,space_marines_11_cn,space_marines_11_cn,阿斯塔特修会,星际战士11版中文1.03.pdf,144,1,4,1:105,14,9,3+,11,,2.0,needs_field_review,complex_weapon_attacks,双联|毁灭伤害|爆炸|速射3,pending_manual_review
draft_unit_page_145_p145.json,draft_unit_page_145_p145,雷霆型风暴速攻艇,11,space_marines_11_cn,space_marines_11_cn,阿斯塔特修会,星际战士11版中文1.03.pdf,145,1,4,1:135,14,9,3+,11,,2.0,needs_field_review,complex_weapon_attacks|complex_weapon_damage,双联|反飞行2+,pending_manual_review
draft_unit_page_146_p146.json,draft_unit_page_146_p146,落锤型风暴速攻艇,11,space_marines_11_cn,space_marines_11_cn,阿斯塔特修会,星际战士11版中文1.03.pdf,146,1,4,1:140,14,9,3+,11,,2.0,needs_field_review,complex_weapon_damage,热熔2,pending_manual_review
draft_unit_page_147_p147.json,draft_unit_page_147_p147,兰德速攻艇,11,space_marines_11_cn,space_marines_11_cn,阿斯塔特修会 2,星际战士11版中文1.03.pdf,147,1,4,1:105,14,8,3+,9,,2.0,needs_field_review,complex_weapon_damage,毁灭伤害|热熔2,pending_manual_review
draft_unit_page_148_p148.json,draft_unit_page_148_p148,风暴隼拦截机,11,space_marines_11_cn,space_marines_11_cn,阿斯塔特修会,星际战士11版中文1.03.pdf,148,1,8,1:155,-,9,3+,10,,2.0,needs_field_review,complex_weapon_attacks|complex_weapon_damage|non_numeric_movement|non_numeric_objective_control,双联|反飞行2+|毁灭伤害|爆炸|连击1,pending_manual_review
draft_unit_page_149_p149.json,draft_unit_page_149_p149,风暴爪炮艇,11,space_marines_11_cn,space_marines_11_cn,阿斯塔特修会,星际战士11版中文1.03.pdf,149,1,7,1:165,-,8,3+,10,,2.0,needs_field_review,complex_weapon_attacks|complex_weapon_damage|non_numeric_movement|non_numeric_objective_control,双联|反飞行2+|毁灭伤害|爆炸|连击1,pending_manual_review
draft_unit_page_14_p14.json,draft_unit_page_14_p14,死亡守望终结者小队,10,deathwatch_10_cn,deathwatch_10_cn,：,死亡守望 10.8.pdf,14,1,11,,"5""",5,2+,3,,2.0,needs_field_review,complex_weapon_attacks|complex_weapon_damage|missing_points|unsupported_weapon_keywords,但在结算该计谋时|位使用迅速入场计谋|双联|必须将该|毁灭伤害|爆炸|爆炸，危险|速射 2|针对载具 3+,pending_manual_review
draft_unit_page_14_p14_space_wolves_11_cn.json,draft_unit_page_14_p14,呼风者尼加尔,11,space_wolves_11_cn,space_wolves_11_cn,阿斯塔特修会|太空野狼,太空野狼11版中文1.01.pdf,14,1,3,1:75,7,4,3+,4,,2.0,needs_field_review,complex_weapon_attacks|complex_weapon_damage|unsupported_weapon_keywords,手枪|灵能|连击2,pending_manual_review
draft_unit_page_14_p14_tau_11_cn.json,draft_unit_page_14_p14,远见指挥官,11,tau_11_cn,tau_11_cn,钛帝国,钛帝国11版规则-20260919.pdf,14,1,3,1:80,10”,5,2+,8,,2.0,needs_field_review,unsupported_weapon_keywords,对本模型所在单位使|核心：深入打击|清汐教义：每个游戏大回合一次|领袖,pending_manual_review
draft_unit_page_150_p150.json,draft_unit_page_150_p150,风暴鸦炮艇,11,space_marines_11_cn,space_marines_11_cn,阿斯塔特修会,星际战士11版中文1.03.pdf,150,1,11,1:280,14,10,3+,14,,2.0,needs_field_review,complex_weapon_attacks|complex_weapon_damage,危险|双联|毁灭伤害|热熔2|爆炸|连击1|速射6,pending_manual_review
draft_unit_page_151_p151.json,draft_unit_page_151_p151,落锤堡,11,space_marines_11_cn,space_marines_11_cn,阿斯塔老特修会,星际战士11版中文1.03.pdf,151,1,3,1:175,-,12,2+,14,,2.0,needs_field_review,complex_weapon_attacks|complex_weapon_damage|non_numeric_movement,双联|爆炸|连击1,pending_manual_review
draft_unit_page_15_p15.json,draft_unit_page_15_p15,断手比约恩,11,space_wolves_11_cn,space_wolves_11_cn,阿斯塔特修会|太空野狼,太空野狼11版中文1.01.pdf,15,1,4,1:160,9,9,2+,8,,2.0,needs_field_review,complex_weapon_damage,毁灭伤害|热熔2|致命一击,pending_manual_review
draft_unit_page_15_p15_tau_11_cn.json,draft_unit_page_15_p15,双矛,11,tau_11_cn,tau_11_cn,钛帝国,钛帝国11版规则-20260919.pdf,15,1,9,2:205,10”,6,2+,8,,2.0,needs_field_review,complex_weapon_attacks|complex_weapon_damage|unsupported_weapon_keywords,危险，速射2|手枪|热熔2|突击，双联|速射2|额外攻击,pending_manual_review
draft_unit_page_16_p16.json,draft_unit_page_16_p16,阿兹瑞尔大导师,11,dark_angels_11_cn,dark_angels_11_cn,阿斯塔特修会|黑暗天使 5,黑暗天使11版中文1.02.pdf,16,1,1,1:140,6,4,2+,6,,2.0,ready_for_base_faction_review,,反步兵4+|毁灭伤害|速射1,pending_manual_review
draft_unit_page_16_p16_grey_knights_10_cn.json,draft_unit_page_16_p16,沃尔达斯大导师,10,grey_knights_10_cn,grey_knights_10_cn,,Codex-灰骑士10版中文v1.1-1.pdf,16,1,3,,"5""",5,2+,7,,2.0,needs_field_review,complex_weapon_attacks|missing_faction_keywords|missing_points|unsupported_weapon_keywords,毁灭伤害、灵能|灵能|速射2,pending_manual_review
draft_unit_page_16_p16_space_wolves_11_cn.json,draft_unit_page_16_p16,阿贾克石拳,11,space_wolves_11_cn,space_wolves_11_cn,阿斯塔特修会|太空野狼,太空野狼11版中文1.01.pdf,16,1,2,1:95,6,5,2+,6,,2.0,needs_field_review,unsupported_weapon_keywords,反巨兽3+|反载具3+|突击|精准,pending_manual_review
draft_unit_page_17_p17.json,draft_unit_page_17_p17,利爪突击杀戮小队,0,deathwatch_unknown,deathwatch_unknown,：,死亡守望.pdf,17,1,9,,"12""",4,3+,2,,2.0,needs_field_review,missing_points|unsupported_weapon_keywords,危险，手枪|手枪|突击，手枪，双联|突击，手枪，连击 2，双联|骑枪,pending_manual_review
draft_unit_page_17_p17_grey_knights_10_cn.json,draft_unit_page_17_p17,克罗堡主,10,grey_knights_10_cn,grey_knights_10_cn,：,Codex-灰骑士10版中文v1.1-1.pdf,17,1,3,,"6""",4,2+,5,,2.0,needs_field_review,missing_points|unsupported_weapon_keywords,毁灭伤害、精准|速射2|针对步兵2+、无视掩体、灵能,pending_manual_review
draft_unit_page_17_p17_space_wolves_11_cn.json,draft_unit_page_17_p17,屠杀者乌里克,11,space_wolves_11_cn,space_wolves_11_cn,阿斯塔特修会|太空野狼,太空野狼11版中文1.01.pdf,17,1,1,1:70,7,4,3+,4,,2.0,ready_for_base_faction_review,,反巨兽4+|反载具4+,pending_manual_review
draft_unit_page_18_p18.json,draft_unit_page_18_p18,以西结,11,dark_angels_11_cn,dark_angels_11_cn,阿斯塔特修会|黑暗天使,黑暗天使11版中文1.02.pdf,18,1,3,1:75,6,4,2+,4,,2.0,needs_field_review,complex_weapon_damage|unsupported_weapon_keywords,反人物4+|反混沌2+|毁灭伤害|灵能|精|精准,pending_manual_review
draft_unit_page_18_p18_deathwatch_10_cn.json,draft_unit_page_18_p18,利爪突击杀戮小队,10,deathwatch_10_cn,deathwatch_10_cn,：,死亡守望 10.8.pdf,18,1,9,,"12""",4,3+,2,,2.0,needs_field_review,missing_points|unsupported_weapon_keywords,危险，手枪|手枪|突击，手枪，双联|突击，手枪，连击 2，双联|骑枪,pending_manual_review
draft_unit_page_18_p18_grey_knights_10_cn.json,draft_unit_page_18_p18,大导师,10,grey_knights_10_cn,grey_knights_10_cn,：,Codex-灰骑士10版中文v1.1-1.pdf,18,1,4,,"5""",5,2+,7,,2.0,needs_field_review,missing_points|unsupported_weapon_keywords,灵能|精准、灵能、连击1|速射2,pending_manual_review
draft_unit_page_18_p18_space_wolves_11_cn.json,draft_unit_page_18_p18,黑鬃拉格纳,11,space_wolves_11_cn,space_wolves_11_cn,阿斯塔特修会|太空野狼 2,太空野狼11版中文1.01.pdf,18,1,2,1:90,7,4,3+,5,,2.0,ready_for_base_faction_review,,手枪|连击1,pending_manual_review
draft_unit_page_18_p18_tau_11_cn.json,draft_unit_page_18_p18,火刃队长,11,tau_11_cn,tau_11_cn,钛帝国,钛帝国11版规则-20260919.pdf,18,1,3,1:50,6”,3,4+,3,,2.0,ready_for_base_faction_review,,突击，双联|速射1,pending_manual_review
draft_unit_page_19_p19.json,draft_unit_page_19_p19,贝利亚大导师,11,dark_angels_11_cn,dark_angels_11_cn,阿斯塔特修会|黑暗天使 2,黑暗天使11版中文1.02.pdf,19,1,1,1:75,5,5,2+,6,,2.0,needs_field_review,unsupported_weapon_keywords,精准|速射2,pending_manual_review
draft_unit_page_19_p19_deathwatch_unknown.json,draft_unit_page_19_p19,至强杀戮小队,0,deathwatch_unknown,deathwatch_unknown,：,死亡守望.pdf,19,1,11,,"6""",4,3+,2,,2.0,needs_field_review,complex_weapon_attacks|missing_points,手枪|毁灭伤害|爆炸，曲射|爆炸，重型|突击，重型|突击，重型，致命一击,pending_manual_review
draft_unit_page_19_p19_grey_knights_10_cn.json,draft_unit_page_19_p19,骑乘天罚骇骑机甲的,10,grey_knights_10_cn,grey_knights_10_cn,：,Codex-灰骑士10版中文v1.1-1.pdf,19,1,10,,"8""",8,2+,13,,2.0,needs_field_review,complex_weapon_attacks|complex_weapon_damage|missing_points|unsupported_weapon_keywords,无视掩体、灵能|灵能|灵能、连击1|热熔4、灵能、双联|爆炸|针对角色2+、精准、灵能,pending_manual_review
draft_unit_page_19_p19_mechanicus_11_cn.json,draft_unit_page_19_p19,贝利撒留考尔,11,mechanicus_11_cn,mechanicus_11_cn,机械修会,机械修会11版中文1.01.pdf,19,1,4,1:220,8,8,2+,10,,2.0,needs_field_review,complex_weapon_attacks|complex_weapon_damage|unsupported_weapon_keywords,反载具4+|毁灭伤害|热熔D3|爆炸|额外攻击,pending_manual_review
draft_unit_page_19_p19_space_wolves_11_cn.json,draft_unit_page_19_p19,杀戮牙,11,space_wolves_11_cn,space_wolves_11_cn,阿斯塔特修会|太空野狼 2,太空野狼11版中文1.01.pdf,19,1,1,1:150,9,9,2+,8,,2.0,ready_for_base_faction_review,,速射2,pending_manual_review
draft_unit_page_19_p19_tau_11_cn.json,draft_unit_page_19_p19,以太长老,11,tau_11_cn,tau_11_cn,钛帝国,钛帝国11版规则-20260919.pdf,19,1,2,1:50,6”,3,5+,3,,2.0,needs_field_review,unsupported_weapon_keywords,核心：领袖|突击，双联,pending_manual_review
draft_unit_page_20_p20.json,draft_unit_page_20_p20,萨缪尔大导师,11,dark_angels_11_cn,dark_angels_11_cn,阿斯塔特修会|黑暗天使,黑暗天使11版中文1.02.pdf,20,1,4,1:95,12,5,3+,7,,2.0,needs_field_review,complex_weapon_attacks,双联|手枪|爆炸|连击2|速射2,pending_manual_review
draft_unit_page_20_p20_deathwatch_10_cn.json,draft_unit_page_20_p20,至强杀戮小队,10,deathwatch_10_cn,deathwatch_10_cn,：,死亡守望 10.8.pdf,20,1,11,,"6""",4,3+,2,,2.0,needs_field_review,complex_weapon_attacks|missing_points,手枪|毁灭伤害|爆炸，曲射|爆炸，重型|突击，重型|突击，重型，致命一击,pending_manual_review
draft_unit_page_20_p20_emperors_children_10_cn.json,draft_unit_page_20_p20,福格瑞姆，帝皇之子恶魔原体,10,emperors_children_10_cn,emperors_children_10_cn,帝皇之子,帝皇之子10版中文老湿腐版1.06.pdf,20,1,4,1:340,16,11,2+,16,,2.0,needs_field_review,complex_weapon_damage|unsupported_weapon_keywords,连击1|额外攻击,pending_manual_review
draft_unit_page_20_p20_grey_knights_10_cn.json,draft_unit_page_20_p20,兄弟会连长,10,grey_knights_10_cn,grey_knights_10_cn,：,Codex-灰骑士10版中文v1.1-1.pdf,20,1,4,,"5""",5,2+,6,,2.0,needs_field_review,missing_points|unsupported_weapon_keywords,灵能|精准、灵能、连击1|致命一击|速射2,pending_manual_review
draft_unit_page_20_p20_mechanicus_11_cn.json,draft_unit_page_20_p20,图莉娅·古尔德,11,mechanicus_11_cn,mechanicus_11_cn,机械修会,机械修会11版中文1.01.pdf,20,1,3,1:180,8,8,2+,10,,2.0,needs_field_review,complex_weapon_damage,毁灭伤害,pending_manual_review
draft_unit_page_20_p20_space_wolves_11_cn.json,draft_unit_page_20_p20,狼卫指挥官,11,space_wolves_11_cn,space_wolves_11_cn,阿斯塔特修会|太空野狼,太空野狼11版中文1.01.pdf,20,1,5,1:65,7,4,3+,5,,2.0,ready_for_base_faction_review,,手枪|毁灭伤害,pending_manual_review
draft_unit_page_20_p20_tau_11_cn.json,draft_unit_page_20_p20,暗行者,11,tau_11_cn,tau_11_cn,钛帝国,钛帝国11版规则-20260919.pdf,20,1,2,1:60,7”,3,4+,3,,2.0,ready_for_base_faction_review,,突击,pending_manual_review
draft_unit_page_20_p20_tyranids_11_cn.json,draft_unit_page_20_p20,有翼虫巢暴君,11,tyranids_11_cn,tyranids_11_cn,泰伦虫族,泰伦虫族11版中文1.0.pdf,20,1,4,1:185,12,9,2+,10,,2.0,needs_field_review,complex_weapon_attacks|unsupported_weapon_keywords,爆炸|额外攻击,pending_manual_review
draft_unit_page_20_p20_world_eaters_10_cn.json,draft_unit_page_20_p20,安格隆,10,world_eaters_10_cn,world_eaters_10_cn,吞世者,吞世者10版中文DavidZ版1.05.pdf,20,1,2,1:340,14,11,2+,16,,2.0,needs_field_review,complex_weapon_damage,毁灭伤害,pending_manual_review
draft_unit_page_21_p21.json,draft_unit_page_21_p21,不屈杀戮小队,0,deathwatch_unknown,deathwatch_unknown,：,死亡守望.pdf,21,1,7,,"5""",6,3+,3,,2.0,needs_field_review,complex_weapon_attacks|complex_weapon_damage|missing_points,双联|手枪|爆炸|重型，热熔 2,pending_manual_review
draft_unit_page_21_p21_grey_knights_10_cn.json,draft_unit_page_21_p21,兄弟会勇士,10,grey_knights_10_cn,grey_knights_10_cn,：,Codex-灰骑士10版中文v1.1-1.pdf,21,1,2,,"6""",4,2+,4,,2.0,needs_field_review,missing_points|unsupported_weapon_keywords,精准、灵能|速射2,pending_manual_review
draft_unit_page_21_p21_imperial_guard_11_cn.json,draft_unit_page_21_p21,太阳领主里昂图斯,11,imperial_guard_11_cn,imperial_guard_11_cn,星界军,星界军11版中文1.01.pdf,21,1,3,1:130,12,4,3+,8,,2.0,needs_field_review,unsupported_weapon_keywords,手枪|额外攻击,pending_manual_review
draft_unit_page_21_p21_mechanicus_11_cn.json,draft_unit_page_21_p21,机械主教,11,mechanicus_11_cn,mechanicus_11_cn,机械修会,机械修会11版中文1.01.pdf,21,1,6,1:65,6,4,2+,4,,2.0,needs_field_review,complex_weapon_attacks,忽视掩体|手枪|毁灭伤害,pending_manual_review
draft_unit_page_21_p21_space_wolves_11_cn.json,draft_unit_page_21_p21,狼牧师,11,space_wolves_11_cn,space_wolves_11_cn,阿斯塔特修会|太空野狼,太空野狼11版中文1.01.pdf,21,1,1,1:70,7,4,3+,4,,2.0,ready_for_base_faction_review,,,pending_manual_review
draft_unit_page_21_p21_tau_11_cn.json,draft_unit_page_21_p21,打击小队,11,tau_11_cn,tau_11_cn,钛帝国,钛帝国11版规则-20260919.pdf,21,1,6,10:70,6”,3,4+,1,,2.0,needs_field_review,unsupported_weapon_keywords,手枪|曲射，双联|模型视为装备着导弹炮台支援系统。|突击，双联|速射1|阵营：为了上上善道,pending_manual_review
draft_unit_page_21_p21_tyranids_11_cn.json,draft_unit_page_21_p21,虫群霸主,11,tyranids_11_cn,tyranids_11_cn,泰伦虫族,泰伦虫族11版中文1.0.pdf,21,1,1,1:210,8,10,2+,10,,2.0,ready_for_base_faction_review,,双联,pending_manual_review
draft_unit_page_21_p21_world_eaters_10_cn.json,draft_unit_page_21_p21,背叛者卡恩,10,world_eaters_10_cn,world_eaters_10_cn,吞世者,吞世者10版中文DavidZ版1.05.pdf,21,1,3,1:100,8,4,3+,5,,2.0,ready_for_base_faction_review,,危险|手枪,pending_manual_review
draft_unit_page_22_p22.json,draft_unit_page_22_p22,不屈杀戮小队,10,deathwatch_10_cn,deathwatch_10_cn,：,死亡守望 10.8.pdf,22,1,7,,"5""",6,3+,3,,2.0,needs_field_review,complex_weapon_attacks|complex_weapon_damage|missing_points,双联|手枪|爆炸|重型，热熔 2,pending_manual_review
draft_unit_page_22_p22_emperors_children_10_cn.json,draft_unit_page_22_p22,永恒者卢修斯,10,emperors_children_10_cn,emperors_children_10_cn,帝皇之子,帝皇之子10版中文老湿腐版1.06.pdf,22,1,2,1:150,8,5,2+,6,,2.0,needs_field_review,unsupported_weapon_keywords,精准|连击1,pending_manual_review
draft_unit_page_22_p22_grey_knights_10_cn.json,draft_unit_page_22_p22,兄弟会智库,10,grey_knights_10_cn,grey_knights_10_cn,：,Codex-灰骑士10版中文v1.1-1.pdf,22,1,4,,"5""",5,2+,5,,2.0,needs_field_review,complex_weapon_attacks|missing_points|unsupported_weapon_keywords,灵能|爆炸、灵能|速射2|针对步兵4+、毁灭伤害、速射1,pending_manual_review
draft_unit_page_22_p22_imperial_guard_11_cn.json,draft_unit_page_22_p22,克里德堡主,11,imperial_guard_11_cn,imperial_guard_11_cn,星界军,星界军11版中文1.01.pdf,22,1,2,1:85,6,3,4+,4,,2.0,ready_for_base_faction_review,,手枪,pending_manual_review
draft_unit_page_22_p22_mechanicus_11_cn.json,draft_unit_page_22_p22,工造修士,11,mechanicus_11_cn,mechanicus_11_cn,机械修会 锤,机械修会11版中文1.01.pdf,22,1,3,1:55,6,4,3+,3,,2.0,needs_field_review,unsupported_weapon_keywords,手枪|毁灭伤害|额外攻击,pending_manual_review
draft_unit_page_22_p22_orks_10_cn.json,draft_unit_page_22_p22,战争头目,10,orks_10_cn,orks_10_cn,兽人,兽人10版中文老湿腐版1.11.pdf,22,1,4,1:75,6,5,4+,6,,2.0,ready_for_base_faction_review,,双联|反步兵4+|手枪|毁灭伤害|速射1,pending_manual_review
draft_unit_page_22_p22_space_wolves_11_cn.json,draft_unit_page_22_p22,钢铁牧师,11,space_wolves_11_cn,space_wolves_11_cn,阿斯塔特修会|太空野狼,太空野狼11版中文1.01.pdf,22,1,2,1:50,7,4,2+,4,,2.0,ready_for_base_faction_review,,手枪,pending_manual_review
draft_unit_page_22_p22_tau_11_cn.json,draft_unit_page_22_p22,破袭小队,11,tau_11_cn,tau_11_cn,钛帝国,钛帝国11版规则-20260919.pdf,22,1,5,10:90,6”,3,4+,1,,2.0,ready_for_base_faction_review,,手枪|曲射，双联|突击|突击，双联,pending_manual_review
draft_unit_page_22_p22_tyranids_11_cn.json,draft_unit_page_22_p22,兵虫巢母,11,tyranids_11_cn,tyranids_11_cn,泰伦虫族,泰伦虫族11版中文1.0.pdf,22,1,3,1:160,8,11,2+,16,,2.0,needs_field_review,complex_weapon_damage,,pending_manual_review
draft_unit_page_22_p22_world_eaters_10_cn.json,draft_unit_page_22_p22,领主因维卡图斯,10,world_eaters_10_cn,world_eaters_10_cn,吞世者,吞世者10版中文DavidZ版1.05.pdf,22,1,2,1:110,10,6,3+,8,,2.0,needs_field_review,unsupported_weapon_keywords,手枪|迅猛冲锋|额外攻击,pending_manual_review
draft_unit_page_23_p23.json,draft_unit_page_23_p23,无形杀戮小队,0,deathwatch_unknown,deathwatch_unknown,：,死亡守望.pdf,23,1,9,,"6""",4,3+,2,,2.0,needs_field_review,complex_weapon_damage|missing_points|unsupported_weapon_keywords,CP。|手枪|手枪，精准|精准|致命一击，精准|连击 1|重型|重型，精准,pending_manual_review
draft_unit_page_23_p23_drukhari_11_cn.json,draft_unit_page_23_p23,执政官,11,drukhari_11_cn,drukhari_11_cn,,黑暗灵族11版中文1.0.pdf,23,1,5,,7,3,4+,4,,2.0,needs_field_review,complex_weapon_damage|missing_faction_keywords|missing_keywords|missing_points,反步兵3+|手枪|毁灭伤害|突击,pending_manual_review
draft_unit_page_23_p23_emperors_children_10_cn.json,draft_unit_page_23_p23,极乐领主,10,emperors_children_10_cn,emperors_children_10_cn,帝皇之子,帝皇之子10版中文老湿腐版1.06.pdf,23,1,7,1:80,7,4,3+,5,,2.0,needs_field_review,unsupported_weapon_keywords,危险|手枪|精准|迅猛冲锋|额外攻击,pending_manual_review
draft_unit_page_23_p23_grey_knights_10_cn.json,draft_unit_page_23_p23,兄弟会科技战士,10,grey_knights_10_cn,grey_knights_10_cn,：,Codex-灰骑士10版中文v1.1-1.pdf,23,1,4,,"6""",4,2+,4,,2.0,needs_field_review,missing_points|unsupported_weapon_keywords,核心：深入打击|针对载具2+、手枪|领袖|额外攻击,pending_manual_review
draft_unit_page_23_p23_imperial_guard_11_cn.json,draft_unit_page_23_p23,卡迪安堡主,11,imperial_guard_11_cn,imperial_guard_11_cn,星界军 湿,星界军11版中文1.01.pdf,23,1,8,1:55,6,3,5+,4,,2.0,ready_for_base_faction_review,,危险|手枪|速射1,pending_manual_review
draft_unit_page_23_p23_mechanicus_11_cn.json,draft_unit_page_23_p23,控电神甫,11,mechanicus_11_cn,mechanicus_11_cn,机械修会 1,机械修会11版中文1.01.pdf,23,1,2,1:60,6,4,2+,4,,2.0,ready_for_base_faction_review,,重型,pending_manual_review
draft_unit_page_23_p23_space_wolves_11_cn.json,draft_unit_page_23_p23,灰猎手,11,space_wolves_11_cn,space_wolves_11_cn,阿斯塔特修会|太空野狼,太空野狼11版中文1.01.pdf,23,1,6,1:165,7,4,3+,2,,2.0,ready_for_base_faction_review,,危险|手枪|速射1,pending_manual_review
draft_unit_page_23_p23_world_eaters_10_cn.json,draft_unit_page_23_p23,屠缚战狂,10,world_eaters_10_cn,world_eaters_10_cn,吞世者 群,吞世者10版中文DavidZ版1.05.pdf,23,1,0,1:100,10,6,3+,6,,2.0,needs_field_review,missing_weapons,,pending_manual_review
draft_unit_page_24_p24.json,draft_unit_page_24_p24,无形杀戮小队,10,deathwatch_10_cn,deathwatch_10_cn,：,死亡守望 10.8.pdf,24,1,9,,"6""",4,3+,2,,2.0,needs_field_review,complex_weapon_damage|missing_points|unsupported_weapon_keywords,CP。|手枪|手枪，精准|精准|致命一击，精准|连击 1|重型|重型，精准,pending_manual_review
draft_unit_page_24_p24_emperors_children_10_cn.json,draft_unit_page_24_p24,爆音领主,10,emperors_children_10_cn,emperors_children_10_cn,帝皇之子 湿,帝皇之子10版中文老湿腐版1.06.pdf,24,1,2,1:70,6,5,2+,6,,2.0,ready_for_base_faction_review,,忽略掩体|手枪,pending_manual_review
draft_unit_page_24_p24_grey_knights_10_cn.json,draft_unit_page_24_p24,兄弟会牧师,10,grey_knights_10_cn,grey_knights_10_cn,：,Codex-灰骑士10版中文v1.1-1.pdf,24,1,2,,"5""",5,2+,5,,2.0,needs_field_review,missing_points|unsupported_weapon_keywords,单位进行的冲锋掷骰。|速射2,pending_manual_review
draft_unit_page_24_p24_orks_10_cn.json,draft_unit_page_24_p24,兽霸头目,10,orks_10_cn,orks_10_cn,兽人,兽人10版中文老湿腐版1.11.pdf,24,1,3,1:80,6,5,4+,6,,2.0,ready_for_base_faction_review,,反巨兽4+|反载具4+|速射1,pending_manual_review
draft_unit_page_24_p24_space_wolves_11_cn.json,draft_unit_page_24_p24,血爪,11,space_wolves_11_cn,space_wolves_11_cn,阿斯塔特修会|太空野狼,太空野狼11版中文1.01.pdf,24,1,3,1:135,7,4,3+,2,,2.0,ready_for_base_faction_review,,手枪,pending_manual_review
draft_unit_page_24_p24_world_eaters_10_cn.json,draft_unit_page_24_p24,钢牛领主,10,world_eaters_10_cn,world_eaters_10_cn,吞世者,吞世者10版中文DavidZ版1.05.pdf,24,1,3,1:105,10,6,3+,7,,2.0,ready_for_base_faction_review,,危险|手枪,pending_manual_review
draft_unit_page_25_p25.json,draft_unit_page_25_p25,血腥魔女,11,drukhari_11_cn,drukhari_11_cn,黑暗灵族,黑暗灵族11版中文1.0.pdf,25,1,1,1:50,8,3,6+,4,,2.0,needs_field_review,unsupported_weapon_keywords,反步兵3+|精准,pending_manual_review
draft_unit_page_25_p25_emperors_children_10_cn.json,draft_unit_page_25_p25,混沌巫师,10,emperors_children_10_cn,emperors_children_10_cn,帝皇之子,帝皇之子10版中文老湿腐版1.06.pdf,25,1,4,1:60,7,4,3+,4,,2.0,needs_field_review,complex_weapon_attacks|complex_weapon_damage|unsupported_weapon_keywords,危险|手枪|毁灭伤害|灵能,pending_manual_review
draft_unit_page_25_p25_grey_knights_10_cn.json,draft_unit_page_25_p25,神圣无畏机甲,10,grey_knights_10_cn,grey_knights_10_cn,：,Codex-灰骑士10版中文v1.1-1.pdf,25,1,6,,"8""",9,2+,8,,2.0,needs_field_review,complex_weapon_attacks|complex_weapon_damage|missing_points|unsupported_weapon_keywords,危险，爆炸|双联|无畏近战武|毁灭伤害|爆炸|速射2|风暴爆矢枪| 该模型装备有：突击⌀炮,pending_manual_review
draft_unit_page_25_p25_imperial_knights_11_cn.json,draft_unit_page_25_p25,赫克托爵士,11,imperial_knights_11_cn,imperial_knights_11_cn,帝国骑士,帝国骑士 护民官版 1.1.pdf,25,1,2,,6,3,4+,3,,2.0,needs_field_review,missing_points,手枪,pending_manual_review
draft_unit_page_25_p25_mechanicus_11_cn.json,draft_unit_page_25_p25,西多尼安哨兵,11,mechanicus_11_cn,mechanicus_11_cn,机械修会,机械修会11版中文1.01.pdf,25,1,4,1:50,8,4,4+,4,,2.0,needs_field_review,complex_weapon_damage|unsupported_weapon_keywords,3毁灭伤害|反巨兽4+|反步兵3+|反载具4+|手枪|精准|重型,pending_manual_review
draft_unit_page_25_p25_orks_10_cn.json,draft_unit_page_25_p25,疯癫小子,10,orks_10_cn,orks_10_cn,兽人 战,兽人10版中文老湿腐版1.11.pdf,25,1,2,1:65,6,5,5+,4,,2.0,needs_field_review,complex_weapon_damage|unsupported_weapon_keywords,灵能|精准,pending_manual_review
draft_unit_page_25_p25_tyranids_11_cn.json,draft_unit_page_25_p25,灵脑兽,11,tyranids_11_cn,tyranids_11_cn,泰伦虫族,泰伦虫族11版中文1.0.pdf,25,1,2,1:190,8,11,3+,14,,2.0,needs_field_review,complex_weapon_attacks|unsupported_weapon_keywords,灵能|爆炸,pending_manual_review
draft_unit_page_25_p25_world_eaters_10_cn.json,draft_unit_page_25_p25,枭首魔将,10,world_eaters_10_cn,world_eaters_10_cn,吞世者,吞世者10版中文DavidZ版1.05.pdf,25,1,2,1:60,8,4,3+,4,,2.0,needs_field_review,unsupported_weapon_keywords,手枪|毁灭伤害|精准,pending_manual_review
draft_unit_page_26_p26.json,draft_unit_page_26_p26,鸦翼指挥小队,11,dark_angels_11_cn,dark_angels_11_cn,阿斯塔特修会|黑暗天使,黑暗天使11版中文1.02.pdf,26,1,5,1:105,12,5,3+,4,,2.0,needs_field_review,complex_weapon_attacks,危险|手枪|爆炸|速射1,pending_manual_review
draft_unit_page_26_p26_drukhari_11_cn.json,draft_unit_page_26_p26,血伶人,11,drukhari_11_cn,drukhari_11_cn,黑暗灵族,黑暗灵族11版中文1.0.pdf,26,1,2,1:50,7,4,5+,5,,2.0,needs_field_review,complex_weapon_damage|unsupported_weapon_keywords,反步兵2+|手枪|精准,pending_manual_review
draft_unit_page_26_p26_emperors_children_10_cn.json,draft_unit_page_26_p26,色孽恶魔亲王,10,emperors_children_10_cn,emperors_children_10_cn,帝皇之子,帝皇之子10版中文老湿腐版1.06.pdf,26,1,3,1:180,10,10,2+,10,,2.0,ready_for_base_faction_review,,,pending_manual_review
draft_unit_page_26_p26_grey_knights_10_cn.json,draft_unit_page_26_p26,打击小队,10,grey_knights_10_cn,grey_knights_10_cn,：,Codex-灰骑士10版中文v1.1-1.pdf,26,1,5,,"6""",4,2+,2,,2.0,needs_field_review,missing_points|unsupported_weapon_keywords, 32mm|单位构成|灵能|精准、灵能、连击1|速射2,pending_manual_review
draft_unit_page_26_p26_imperial_guard_11_cn.json,draft_unit_page_26_p26,领主元帅德雷尔,11,imperial_guard_11_cn,imperial_guard_11_cn,星界军 群,星界军11版中文1.01.pdf,26,1,2,1:75,10,4,4+,6,,2.0,needs_field_review,unsupported_weapon_keywords,手枪|额外攻击,pending_manual_review
draft_unit_page_26_p26_mechanicus_11_cn.json,draft_unit_page_26_p26,护教军元帅,11,mechanicus_11_cn,mechanicus_11_cn,机械修会,机械修会11版中文1.01.pdf,26,1,1,1:35,6,3,4+,3,,2.0,ready_for_base_faction_review,,,pending_manual_review
draft_unit_page_26_p26_orks_10_cn.json,draft_unit_page_26_p26,巫术小子,10,orks_10_cn,orks_10_cn,兽人,兽人10版中文老湿腐版1.11.pdf,26,1,2,1:60,6,5,5+,4,,2.0,needs_field_review,complex_weapon_attacks|unsupported_weapon_keywords,灵能,pending_manual_review
draft_unit_page_26_p26_space_wolves_11_cn.json,draft_unit_page_26_p26,狼卫终结者,11,space_wolves_11_cn,space_wolves_11_cn,阿斯塔特修会|太空野狼锤,太空野狼11版中文1.01.pdf,26,1,5,1:150,6,5,2+,3,,2.0,ready_for_base_faction_review,,双联|毁灭伤害|速射2,pending_manual_review
draft_unit_page_26_p26_tyranids_11_cn.json,draft_unit_page_26_p26,生化喷吐泰伦武士,11,tyranids_11_cn,tyranids_11_cn,泰伦虫族,泰伦虫族11版中文1.0.pdf,26,1,6,1:60|1:75,6,5,4+,3,,2.0,needs_field_review,complex_weapon_attacks,双联|手枪|爆炸|突击,pending_manual_review
draft_unit_page_26_p26_world_eaters_10_cn.json,draft_unit_page_26_p26,恐虐恶魔王子,10,world_eaters_10_cn,world_eaters_10_cn,吞世者,吞世者10版中文DavidZ版1.05.pdf,26,1,2,1:200,10,10,2+,10,,2.0,ready_for_base_faction_review,,,pending_manual_review
draft_unit_page_27_p27.json,draft_unit_page_27_p27,玛勒斯夫人,11,drukhari_11_cn,drukhari_11_cn,黑暗灵族,黑暗灵族11版中文1.0.pdf,27,1,1,1:100,7,3,4+,5,,2.0,ready_for_base_faction_review,,危险|毁灭伤害,pending_manual_review
draft_unit_page_27_p27_emperors_children_10_cn.json,draft_unit_page_27_p27,有翼色孽恶魔亲王,10,emperors_children_10_cn,emperors_children_10_cn,帝皇之子,帝皇之子10版中文老湿腐版1.06.pdf,27,1,3,1:215,14,9,2+,10,,2.0,ready_for_base_faction_review,,,pending_manual_review
draft_unit_page_27_p27_grey_knights_10_cn.json,draft_unit_page_27_p27,兄弟会终结者小队,10,grey_knights_10_cn,grey_knights_10_cn,：,Codex-灰骑士10版中文v1.1-1.pdf,27,1,4,,"5""",5,2+,3,,2.0,needs_field_review,missing_points|unsupported_weapon_keywords,灵能|精准、灵能、连击1|速射2,pending_manual_review
draft_unit_page_27_p27_mechanicus_11_cn.json,draft_unit_page_27_p27,智控数据技师,11,mechanicus_11_cn,mechanicus_11_cn,机械修会,机械修会11版中文1.01.pdf,27,1,2,1:25,6,4,2+,3,,2.0,ready_for_base_faction_review,,手枪|毁灭伤害,pending_manual_review
draft_unit_page_27_p27_orks_10_cn.json,draft_unit_page_27_p27,骑乘跳龙的兽霸头目,10,orks_10_cn,orks_10_cn,兽人,兽人10版中文老湿腐版1.11.pdf,27,1,3,1:110,10,8,3+,8,,2.0,needs_field_review,unsupported_weapon_keywords,反巨兽4+|反载具4+|手枪|毁灭伤害|额外攻击,pending_manual_review
draft_unit_page_27_p27_tyranids_11_cn.json,draft_unit_page_27_p27,有翼泰伦王虫,11,tyranids_11_cn,tyranids_11_cn,泰伦虫族,泰伦虫族11版中文1.0.pdf,27,1,1,1:65,12,5,4+,6,,2.0,needs_field_review,unsupported_weapon_keywords,3 无,pending_manual_review
draft_unit_page_27_p27_world_eaters_10_cn.json,draft_unit_page_27_p27,有翼恐虐恶魔王子,10,world_eaters_10_cn,world_eaters_10_cn,,吞世者10版中文DavidZ版1.05.pdf,27,1,2,1:180,14,9,2+,10,,2.0,needs_field_review,missing_faction_keywords,,pending_manual_review
draft_unit_page_28_p28.json,draft_unit_page_28_p28,达查尔,11,drukhari_11_cn,drukhari_11_cn,黑暗灵族,黑暗灵族11版中文1.0.pdf,28,1,1,1:85,7,3,2+,5,,2.0,ready_for_base_faction_review,,毁灭伤害,pending_manual_review
draft_unit_page_28_p28_emperors_children_10_cn.json,draft_unit_page_28_p28,破戒者,10,emperors_children_10_cn,emperors_children_10_cn,帝皇之子,帝皇之子10版中文老湿腐版1.06.pdf,28,1,4,1:85,7,4,3+,2,,2.0,needs_field_review,unsupported_weapon_keywords,手枪|精准,pending_manual_review
draft_unit_page_28_p28_grey_knights_10_cn.json,draft_unit_page_28_p28,净化者小队,10,grey_knights_10_cn,grey_knights_10_cn,：,Codex-灰骑士10版中文v1.1-1.pdf,28,1,6,,"6""",4,2+,2,,2.0,needs_field_review,missing_points|unsupported_weapon_keywords, 32mm|⌀32mm|灵能|精准、灵能、连击1|速射2|针对步兵2+、无视掩体、灵能,pending_manual_review
draft_unit_page_28_p28_mechanicus_11_cn.json,draft_unit_page_28_p28,护教军游猎兵,11,mechanicus_11_cn,mechanicus_11_cn,机械修会,机械修会11版中文1.01.pdf,28,1,6,1:85,6,3,4+,1,,2.0,needs_field_review,complex_weapon_damage|unsupported_weapon_keywords,危险|反载具4+|手枪|毁灭伤害|精准|速射1|重型,pending_manual_review
draft_unit_page_28_p28_orks_10_cn.json,draft_unit_page_28_p28,恶疤莫佐格,10,orks_10_cn,orks_10_cn,兽人,兽人10版中文老湿腐版1.11.pdf,28,1,2,1:145,10,8,3+,8,,2.0,needs_field_review,complex_weapon_attacks|unsupported_weapon_keywords,毁灭伤害|爆炸|额外攻击,pending_manual_review
draft_unit_page_28_p28_tau_11_cn.json,draft_unit_page_28_p28,寻路者小队,11,tau_11_cn,tau_11_cn,钛帝国,钛帝国11版规则-20260919.pdf,28,1,10,10:80,7”,3,4+,1,,2.0,needs_field_review,unsupported_weapon_keywords,危险，重型|手枪|核心：斥候7”|毁灭伤害，重型|突击，双联|脉冲加速兵蜂：装备者所在单位的脉冲卡宾射程增加|重型|针对载具4+，毁灭伤害,pending_manual_review
draft_unit_page_28_p28_tyranids_11_cn.json,draft_unit_page_28_p28,长鞭泰伦王虫,11,tyranids_11_cn,tyranids_11_cn,泰伦虫族 2,泰伦虫族11版中文1.0.pdf,28,1,3,1:75,10,5,3+,6,,2.0,needs_field_review,unsupported_weapon_keywords,额外攻击,pending_manual_review
draft_unit_page_28_p28_world_eaters_10_cn.json,draft_unit_page_28_p28,恐虐狂战士,10,world_eaters_10_cn,world_eaters_10_cn,吞世者,吞世者10版中文DavidZ版1.05.pdf,28,1,5,1:180,8,4,3+,2,,2.0,ready_for_base_faction_review,,危险|手枪,pending_manual_review
draft_unit_page_29_p29.json,draft_unit_page_29_p29,复仇型兰德飞艇,11,dark_angels_11_cn,dark_angels_11_cn,阿斯塔特修会|黑暗天使,黑暗天使11版中文1.02.pdf,29,1,5,1:130,14,8,3+,10,,2.0,needs_field_review,complex_weapon_attacks,危险|双联|毁灭伤害|爆炸|连击1,pending_manual_review
draft_unit_page_29_p29_drukhari_11_cn.json,draft_unit_page_29_p29,莉莉丝.赫斯佩拉克斯,11,drukhari_11_cn,drukhari_11_cn,黑暗灵族 战,黑暗灵族11版中文1.0.pdf,29,1,1,1:80,8,3,6+,4,,2.0,needs_field_review,unsupported_weapon_keywords,反步兵2+|精准|连击2,pending_manual_review
draft_unit_page_29_p29_emperors_children_10_cn.json,draft_unit_page_29_p29,施虐者,10,emperors_children_10_cn,emperors_children_10_cn,帝皇之子,帝皇之子10版中文老湿腐版1.06.pdf,29,1,8,1:85,7,4,3+,2,,2.0,needs_field_review,complex_weapon_damage|unsupported_weapon_keywords,手枪|热熔2|精准|速射1,pending_manual_review
draft_unit_page_29_p29_grey_knights_10_cn.json,draft_unit_page_29_p29,拦截者小队,10,grey_knights_10_cn,grey_knights_10_cn,：,Codex-灰骑士10版中文v1.1-1.pdf,29,1,5,,"12""",4,2+,2,,2.0,needs_field_review,missing_points|unsupported_weapon_keywords, 32mm|单位构成|灵能|精准、灵能、连击1|速射2,pending_manual_review
draft_unit_page_29_p29_orks_10_cn.json,draft_unit_page_29_p29,剧痛头目,10,orks_10_cn,orks_10_cn,兽人 1,兽人10版中文老湿腐版1.11.pdf,29,1,1,1:70,6,5,4+,4,,2.0,ready_for_base_faction_review,,反巨兽4+|反载具4+,pending_manual_review
draft_unit_page_29_p29_tau_11_cn.json,draft_unit_page_29_p29,神射手小队,11,tau_11_cn,tau_11_cn,钛帝国,钛帝国11版规则-20260919.pdf,29,1,3,1:55,6”,3,4+,4,,2.0,needs_field_review,unsupported_weapon_keywords,手枪|重型，精准,pending_manual_review
draft_unit_page_29_p29_world_eaters_10_cn.json,draft_unit_page_29_p29,豺狼邪教徒,10,world_eaters_10_cn,world_eaters_10_cn,吞世者 老,吞世者10版中文DavidZ版1.05.pdf,29,1,4,1:65,7,4,6+,1,,2.0,ready_for_base_faction_review,,手枪,pending_manual_review
draft_unit_page_30_p30.json,draft_unit_page_30_p30,圣血祭司,11,blood_angels_11_cn,blood_angels_11_cn,阿斯塔特修会战|圣血天使,圣血天使11版中文1.01.pdf,30,1,2,1:75,6,4,3+,4,,2.0,ready_for_base_faction_review,,手枪,pending_manual_review
draft_unit_page_30_p30_drukhari_11_cn.json,draft_unit_page_30_p30,阴谋团武士,11,drukhari_11_cn,drukhari_11_cn,,黑暗灵族11版中文1.0.pdf,30,1,7,,7,3,4+,1,,2.0,needs_field_review,complex_weapon_damage|missing_faction_keywords|missing_keywords|missing_points,反步兵3+|手枪|突击|连击1|重型,pending_manual_review
draft_unit_page_30_p30_emperors_children_10_cn.json,draft_unit_page_30_p30,无瑕剑魔,10,emperors_children_10_cn,emperors_children_10_cn,帝皇之子,帝皇之子10版中文老湿腐版1.06.pdf,30,1,2,1:100,8,5,3+,3,,2.0,ready_for_base_faction_review,,手枪,pending_manual_review
draft_unit_page_30_p30_grey_knights_10_cn.json,draft_unit_page_30_p30,洗罪小队,10,grey_knights_10_cn,grey_knights_10_cn,：,Codex-灰骑士10版中文v1.1-1.pdf,30,1,5,,"6""",4,2+,2,,2.0,needs_field_review,missing_points|unsupported_weapon_keywords,灵能|精准、灵能、连击1|速射2,pending_manual_review
draft_unit_page_30_p30_orks_10_cn.json,draft_unit_page_30_p30,剧痛小子,10,orks_10_cn,orks_10_cn,兽人,兽人10版中文老湿腐版1.11.pdf,30,1,2,1:80,6,5,5+,3,,2.0,needs_field_review,unsupported_weapon_keywords,反步兵4+|精准|额外攻击,pending_manual_review
draft_unit_page_30_p30_tau_11_cn.json,draft_unit_page_30_p30,胡蜂人尖翼小队,11,tau_11_cn,tau_11_cn,钛帝国,钛帝国11版规则-20260919.pdf,30,1,4,5:70|10:115,12”,4,4+,1,,2.0,needs_field_review,complex_weapon_attacks|unsupported_weapon_keywords,本单位中模型装备着的武器获得|毁灭伤害|直到该阶段结束前|突击|针对步兵3+，爆炸,pending_manual_review
draft_unit_page_30_p30_tyranids_11_cn.json,draft_unit_page_30_p30,脑虫,11,tyranids_11_cn,tyranids_11_cn,泰伦虫族 锤,泰伦虫族11版中文1.0.pdf,30,1,1,1:90,5,5,5+,3,,2.0,ready_for_base_faction_review,,,pending_manual_review
draft_unit_page_30_p30_world_eaters_10_cn.json,draft_unit_page_30_p30,洒血鬼教徒,10,world_eaters_10_cn,world_eaters_10_cn,吞世者,吞世者10版中文DavidZ版1.05.pdf,30,1,4,1:75,9,4,6+,1,,2.0,needs_field_review,unsupported_weapon_keywords,手枪|突击|迅猛冲锋|连击D3,pending_manual_review
draft_unit_page_31_p31.json,draft_unit_page_31_p31,死亡连小队,11,blood_angels_11_cn,blood_angels_11_cn,,圣血天使11版中文1.01.pdf,31,1,8,,6,4,3+,2,,2.0,needs_field_review,complex_weapon_damage|missing_faction_keywords|missing_keywords|missing_points,危险|手枪|毁灭伤害|热熔2|连击1,pending_manual_review
draft_unit_page_31_p31_dark_angels_11_cn.json,draft_unit_page_31_p31,涅法雷姆战斗机,11,dark_angels_11_cn,dark_angels_11_cn,阿斯塔特修会|黑暗天使 5,黑暗天使11版中文1.02.pdf,31,1,5,1:180,-,8,3+,11,,2.0,needs_field_review,complex_weapon_damage|non_numeric_movement|non_numeric_objective_control,双联|反飞行2+|连击1,pending_manual_review
draft_unit_page_31_p31_emperors_children_10_cn.json,draft_unit_page_31_p31,噪音战士,10,emperors_children_10_cn,emperors_children_10_cn,帝皇之子,帝皇之子10版中文老湿腐版1.06.pdf,31,1,5,1:145,6,5,3+,2,,2.0,ready_for_base_faction_review,,忽略掩体|手枪,pending_manual_review
draft_unit_page_31_p31_grey_knights_10_cn.json,draft_unit_page_31_p31,圣骑士小队,10,grey_knights_10_cn,grey_knights_10_cn,：,Codex-灰骑士10版中文v1.1-1.pdf,31,1,4,,"5""",5,2+,3,,2.0,needs_field_review,missing_points|unsupported_weapon_keywords,灵能|精准、灵能、连击1|速射2,pending_manual_review
draft_unit_page_31_p31_imperial_guard_11_cn.json,draft_unit_page_31_p31,孤胆英雄马博,11,imperial_guard_11_cn,imperial_guard_11_cn,星界军 群,星界军11版中文1.01.pdf,31,1,2,1:55,6,3,5+,4,,2.0,needs_field_review,unsupported_weapon_keywords,反步兵2+|手枪|精准,pending_manual_review
draft_unit_page_31_p31_mechanicus_11_cn.json,draft_unit_page_31_p31,哈斯塔利歼灭者,11,mechanicus_11_cn,mechanicus_11_cn,机械修会,机械修会11版中文1.01.pdf,31,1,5,1:105,5,4,3+,2,,2.0,ready_for_base_faction_review,,反步兵4+|反载具4+|毁灭伤害,pending_manual_review
draft_unit_page_31_p31_orks_10_cn.json,draft_unit_page_31_p31,鬼祟鼠,10,orks_10_cn,orks_10_cn,兽人,兽人10版中文老湿腐版1.11.pdf,31,1,2,1:75,6,5,5+,6,,2.0,needs_field_review,unsupported_weapon_keywords,双联|精准|速射1,pending_manual_review
draft_unit_page_31_p31_space_wolves_11_cn.json,draft_unit_page_31_p31,神圣无畏,11,space_wolves_11_cn,space_wolves_11_cn,阿斯塔特修会|太空野狼,太空野狼11版中文1.01.pdf,31,1,5,1:125,8,9,2+,8,,2.0,needs_field_review,complex_weapon_damage,毁灭伤害|速射2,pending_manual_review
draft_unit_page_31_p31_tau_11_cn.json,draft_unit_page_31_p31,克鲁特寻迹塑形者,11,tau_11_cn,tau_11_cn,钛帝国,钛帝国11版规则-20260919.pdf,31,1,2,1:50,7”,3,6+,3,,2.0,needs_field_review,unsupported_weapon_keywords,则本单位可进行一次至多D6寸的标准移动。|速射1,pending_manual_review
draft_unit_page_31_p31_tyranids_11_cn.json,draft_unit_page_31_p31,族群领主,11,tyranids_11_cn,tyranids_11_cn,泰伦虫族,泰伦虫族11版中文1.0.pdf,31,1,1,1:80|1:75,8,5,4+,6,,2.0,ready_for_base_faction_review,,双联|毁灭伤害,pending_manual_review
draft_unit_page_31_p31_world_eaters_10_cn.json,draft_unit_page_31_p31,八缚屠夫,10,world_eaters_10_cn,world_eaters_10_cn,吞世者,吞世者10版中文DavidZ版1.05.pdf,31,1,0,1:135,10,6,3+,3,,2.0,needs_field_review,missing_weapons,,pending_manual_review
draft_unit_page_32_p32.json,draft_unit_page_32_p32,凌虐者,11,drukhari_11_cn,drukhari_11_cn,黑暗灵族,黑暗灵族11版中文1.0.pdf,32,1,4,1:60,7,4,5+,2,,2.0,needs_field_review,unsupported_weapon_keywords,双联|反步兵3+|反步兵4+|毁灭伤害|精准|重型,pending_manual_review
draft_unit_page_32_p32_emperors_children_10_cn.json,draft_unit_page_32_p32,混沌终结者,10,emperors_children_10_cn,emperors_children_10_cn,帝皇之子,帝皇之子10版中文老湿腐版1.06.pdf,32,1,6,1:145,6,5,2+,3,,2.0,ready_for_base_faction_review,,反步兵4+|反载具3+|毁灭伤害|连击1|速射1|速射2,pending_manual_review
draft_unit_page_32_p32_grey_knights_10_cn.json,draft_unit_page_32_p32,犀牛装甲车,10,grey_knights_10_cn,grey_knights_10_cn,：,Codex-灰骑士10版中文v1.1-1.pdf,32,1,2,,"12""",9,3+,10,,2.0,needs_field_review,missing_points|unsupported_weapon_keywords,单位构成|速射2,pending_manual_review
draft_unit_page_32_p32_imperial_guard_11_cn.json,draft_unit_page_32_p32,黎曼鲁斯坦克指挥官,11,imperial_guard_11_cn,imperial_guard_11_cn,,星界军11版中文1.01.pdf,32,1,15,,10,11,2+,13,,2.0,needs_field_review,complex_weapon_attacks|complex_weapon_damage|missing_faction_keywords|missing_keywords|missing_points,一次性|危险|双联|忽视掩体|热熔2|爆炸|连击1|速射2|速射3|速射4|重型,pending_manual_review
draft_unit_page_32_p32_mechanicus_11_cn.json,draft_unit_page_32_p32,哈斯塔利火枪手,11,mechanicus_11_cn,mechanicus_11_cn,机械修会,机械修会11版中文1.01.pdf,32,1,3,1:115,5,4,3+,2,,2.0,needs_field_review,complex_weapon_damage,忽视掩体,pending_manual_review
draft_unit_page_32_p32_necrons_11_cn.json,draft_unit_page_32_p32,奥,11,necrons_11_cn,necrons_11_cn,,11版太空死灵规则1.01.pdf,32,1,0,1:400,8,10,2+,16,,2.0,needs_field_review,missing_faction_keywords|missing_keywords|missing_weapons,,pending_manual_review
draft_unit_page_32_p32_orks_10_cn.json,draft_unit_page_32_p32,杀戮摩托飚速头目,10,orks_10_cn,orks_10_cn,兽人,兽人10版中文老湿腐版1.11.pdf,32,1,3,1:80,12,6,4+,9,,2.0,needs_field_review,complex_weapon_damage,热熔2|突击,pending_manual_review
draft_unit_page_32_p32_space_wolves_11_cn.json,draft_unit_page_32_p32,狼人无畏机甲,11,space_wolves_11_cn,space_wolves_11_cn,阿斯塔特修会|太空野狼 锤,太空野狼11版中文1.01.pdf,32,1,4,1:35,9,9,2+,8,,2.0,needs_field_review,complex_weapon_damage,速射2,pending_manual_review
draft_unit_page_32_p32_tau_11_cn.json,draft_unit_page_32_p32,克鲁特战争塑形者,11,tau_11_cn,tau_11_cn,钛帝国,钛帝国11版规则-20260919.pdf,32,1,4,1:60,7”,3,6+,3,,2.0,needs_field_review,complex_weapon_attacks,手枪|致命一击|针对步兵3+，突击，重型,pending_manual_review
draft_unit_page_32_p32_world_eaters_10_cn.json,draft_unit_page_32_p32,神尊八缚屠夫,10,world_eaters_10_cn,world_eaters_10_cn,吞世者,吞世者10版中文DavidZ版1.05.pdf,32,1,0,1:140,10,6,3+,3,,2.0,needs_field_review,missing_weapons,,pending_manual_review
draft_unit_page_33_p33.json,draft_unit_page_33_p33,死亡连步枪队,11,blood_angels_11_cn,blood_angels_11_cn,,圣血天使11版中文1.01.pdf,33,1,11,,6,4,3+,2,,2.0,needs_field_review,complex_weapon_attacks|complex_weapon_damage|missing_faction_keywords|missing_keywords|missing_points,危险|手枪|毁灭伤害|热熔2|爆炸|连击1,pending_manual_review
draft_unit_page_33_p33_drukhari_11_cn.json,draft_unit_page_33_p33,巫灵,11,drukhari_11_cn,drukhari_11_cn,黑暗灵族,黑暗灵族11版中文1.0.pdf,33,1,4,1:90,8,3,6+,1,,2.0,needs_field_review,complex_weapon_damage,反步兵3+|手枪|突击,pending_manual_review
draft_unit_page_33_p33_emperors_children_10_cn.json,draft_unit_page_33_p33,混沌卵,10,emperors_children_10_cn,emperors_children_10_cn,帝皇之子,帝皇之子10版中文老湿腐版1.06.pdf,33,1,1,1:70,10,5,4+,4,,2.0,needs_field_review,complex_weapon_attacks,,pending_manual_review
draft_unit_page_33_p33_grey_knights_10_cn.json,draft_unit_page_33_p33,豪猪装甲车,10,grey_knights_10_cn,grey_knights_10_cn,：,Codex-灰骑士10版中文v1.1-1.pdf,33,1,4,,"12""",9,3+,10,,2.0,needs_field_review,complex_weapon_damage|missing_points,双联|连击1，双联|速射2,pending_manual_review
draft_unit_page_33_p33_orks_10_cn.json,draft_unit_page_33_p33,碎骨者萨拉卡,10,orks_10_cn,orks_10_cn,兽人,兽人10版中文老湿腐版1.11.pdf,33,1,3,1:225,5,6,2+,10,,2.0,ready_for_base_faction_review,,毁灭伤害|速射4,pending_manual_review
draft_unit_page_33_p33_space_wolves_11_cn.json,draft_unit_page_33_p33,雷狼骑兵,11,space_wolves_11_cn,space_wolves_11_cn,阿斯塔特修会|太空野狼 锤,太空野狼11版中文1.01.pdf,33,1,6,1:100,12,6,3+,4,,2.0,needs_field_review,unsupported_weapon_keywords,危险|手枪|额外攻击,pending_manual_review
draft_unit_page_33_p33_tau_11_cn.json,draft_unit_page_33_p33,克鲁特血肉塑形者,11,tau_11_cn,tau_11_cn,钛帝国,钛帝国11版规则-20260919.pdf,33,1,2,1:45,7”,3,6+,3,,2.0,ready_for_base_faction_review,,双联|突击,pending_manual_review
draft_unit_page_33_p33_world_eaters_10_cn.json,draft_unit_page_33_p33,混沌终结者,10,world_eaters_10_cn,world_eaters_10_cn,吞世者,吞世者10版中文DavidZ版1.05.pdf,33,1,6,1:185,7,5,2+,3,,2.0,ready_for_base_faction_review,,双联|反步兵4+|反载具3+|毁灭伤害|连击1|速射1|速射2|速射4,pending_manual_review
draft_unit_page_34_p34.json,draft_unit_page_34_p34,梦魇剑客,11,drukhari_11_cn,drukhari_11_cn,黑暗灵族老,黑暗灵族11版中文1.0.pdf,34,1,0,1:90,7,3,3+,1,,2.0,needs_field_review,missing_weapons,,pending_manual_review
draft_unit_page_34_p34_emperors_children_10_cn.json,draft_unit_page_34_p34,犀牛运兵车,10,emperors_children_10_cn,emperors_children_10_cn,帝皇之子,帝皇之子10版中文老湿腐版1.06.pdf,34,1,3,1:80,12,9,3+,10,,2.0,needs_field_review,complex_weapon_attacks,爆炸|速射2,pending_manual_review
draft_unit_page_34_p34_grey_knights_10_cn.json,draft_unit_page_34_p34,兰德掠袭者战车,10,grey_knights_10_cn,grey_knights_10_cn,：,Codex-灰骑士10版中文v1.1-1.pdf,34,1,5,,"12""",12,2+,16,,2.0,needs_field_review,complex_weapon_damage|missing_points|unsupported_weapon_keywords,单位构成|单发|热熔2|连击1，双联|速射2,pending_manual_review
draft_unit_page_34_p34_imperial_guard_11_cn.json,draft_unit_page_34_p34,罗格多恩坦克指挥官,11,imperial_guard_11_cn,imperial_guard_11_cn,,星界军11版中文1.01.pdf,34,1,9,,10,12,2+,18,,2.0,needs_field_review,complex_weapon_attacks|complex_weapon_damage|missing_faction_keywords|missing_keywords|missing_points|unsupported_weapon_keywords,3 连击1|双联|热熔2|爆炸|速射3,pending_manual_review
draft_unit_page_34_p34_orks_10_cn.json,draft_unit_page_34_p34,大技霸,10,orks_10_cn,orks_10_cn,兽人,兽人10版中文老湿腐版1.11.pdf,34,1,4,1:70,6,5,3+,5,,2.0,needs_field_review,complex_weapon_damage,危险|反飞行3+|毁灭伤害,pending_manual_review
draft_unit_page_34_p34_space_wolves_11_cn.json,draft_unit_page_34_p34,芬里斯狼群,11,space_wolves_11_cn,space_wolves_11_cn,阿斯塔特修会|太空野狼,太空野狼11版中文1.01.pdf,34,1,1,1:45,10,4,6+,1,,2.0,ready_for_base_faction_review,,,pending_manual_review
draft_unit_page_34_p34_tau_11_cn.json,draft_unit_page_34_p34,克鲁特独矛,11,tau_11_cn,tau_11_cn,钛帝国,钛帝国11版规则-20260919.pdf,34,1,5,1:80,12”,5,5+,6,,2.0,needs_field_review,complex_weapon_attacks|unsupported_weapon_keywords,冷枪：你的射击阶段中|如未处于敌方|本模型射击后|突击，爆炸|迅猛冲锋|重型，精准|额外攻击,pending_manual_review
draft_unit_page_34_p34_tyranids_11_cn.json,draft_unit_page_34_p34,天巫,11,tyranids_11_cn,tyranids_11_cn,泰伦虫族 0,泰伦虫族11版中文1.0.pdf,34,1,4,1:170,-,9,3+,12,,2.0,needs_field_review,complex_weapon_damage|non_numeric_movement|non_numeric_objective_control|unsupported_weapon_keywords,反载具4+|反飞行2+|毁灭伤害|额外攻击,pending_manual_review
draft_unit_page_34_p34_world_eaters_10_cn.json,draft_unit_page_34_p34,混沌卵,10,world_eaters_10_cn,world_eaters_10_cn,吞世者 腐,吞世者10版中文DavidZ版1.05.pdf,34,1,1,1:90,10,5,4+,4,,2.0,needs_field_review,complex_weapon_attacks,,pending_manual_review
draft_unit_page_35_p35.json,draft_unit_page_35_p35,死亡连跳包队,11,blood_angels_11_cn,blood_angels_11_cn,,圣血天使11版中文1.01.pdf,35,1,5,,12,4,3+,2,,2.0,needs_field_review,missing_faction_keywords|missing_keywords|missing_points,手枪,pending_manual_review
draft_unit_page_35_p35_drukhari_11_cn.json,draft_unit_page_35_p35,执政官之手,11,drukhari_11_cn,drukhari_11_cn,,黑暗灵族11版中文1.0.pdf,35,1,11,,7,3,4+,1,,2.0,needs_field_review,complex_weapon_damage|missing_faction_keywords|missing_keywords|missing_points,双联|反步兵2+|反步兵3+|反步兵4+|手枪|突击|连击1|重型,pending_manual_review
draft_unit_page_35_p35_emperors_children_10_cn.json,draft_unit_page_35_p35,重锤魔,10,emperors_children_10_cn,emperors_children_10_cn,帝皇之子 湿,帝皇之子10版中文老湿腐版1.06.pdf,35,1,2,1:130,10,10,3+,12,,2.0,needs_field_review,complex_weapon_damage|unsupported_weapon_keywords,热熔2|额外攻击,pending_manual_review
draft_unit_page_35_p35_grey_knights_10_cn.json,draft_unit_page_35_p35,十字军型兰德掠袭者战车,10,grey_knights_10_cn,grey_knights_10_cn,：,Codex-灰骑士10版中文v1.1-1.pdf,35,1,5,,"12""",12,2+,16,,2.0,needs_field_review,complex_weapon_damage|missing_points|unsupported_weapon_keywords,单位构成|毁灭伤害，双联|热熔2|速射2|速射6、双联,pending_manual_review
draft_unit_page_35_p35_mechanicus_11_cn.json,draft_unit_page_35_p35,翼龙军天猎兵,11,mechanicus_11_cn,mechanicus_11_cn,机械修会,机械修会11版中文1.01.pdf,35,1,4,1:80,12,4,4+,2,,2.0,ready_for_base_faction_review,,手枪|连击2,pending_manual_review
draft_unit_page_35_p35_tau_11_cn.json,draft_unit_page_35_p35,克鲁特食肉者小队,11,tau_11_cn,tau_11_cn,钛帝国,钛帝国11版规则-20260919.pdf,35,1,5,10:65|10:130,7”,3,6+,1,,2.0,needs_field_review,complex_weapon_attacks,手枪|爆炸|速射1,pending_manual_review
draft_unit_page_35_p35_world_eaters_10_cn.json,draft_unit_page_35_p35,混沌犀牛运兵车,10,world_eaters_10_cn,world_eaters_10_cn,,吞世者10版中文DavidZ版1.05.pdf,35,1,2,1:85,12,9,3+,10,,2.0,needs_field_review,missing_faction_keywords,速射4,pending_manual_review
draft_unit_page_36_p36.json,draft_unit_page_36_p36,大掠夺者阿巴顿,11,chaos_marines_11_cn,chaos_marines_11_cn,阿斯塔特叛军,混沌星际战士11版中文1.01.pdf,36,1,3,1:295,5,5,2+,9,,2.0,ready_for_base_faction_review,,毁灭伤害|连击1,pending_manual_review
draft_unit_page_36_p36_grey_knights_10_cn.json,draft_unit_page_36_p36,救赎者型兰德掠袭者战车,10,grey_knights_10_cn,grey_knights_10_cn,：,Codex-灰骑士10版中文v1.1-1.pdf,36,1,4,,"12""",12,2+,16,,2.0,needs_field_review,complex_weapon_damage|missing_points|unsupported_weapon_keywords,单位构成|热熔2|连击1，双联|速射2,pending_manual_review
draft_unit_page_36_p36_mechanicus_11_cn.json,draft_unit_page_36_p36,翼龙军净炎兵,11,mechanicus_11_cn,mechanicus_11_cn,机械修会 5,机械修会11版中文1.01.pdf,36,1,3,1:80,12,4,4+,2,,2.0,ready_for_base_faction_review,,手枪|连击2,pending_manual_review
draft_unit_page_36_p36_necrons_11_cn.json,draft_unit_page_36_p36,法,11,necrons_11_cn,necrons_11_cn,太空死灵,11版太空死灵规则1.01.pdf,36,1,2,1:330,8,11,3+,16,,2.0,ready_for_base_faction_review,,针对角色4+,pending_manual_review
draft_unit_page_36_p36_tau_11_cn.json,draft_unit_page_36_p36,克鲁特猿兽骑兵小队,11,tau_11_cn,tau_11_cn,钛帝国,钛帝国11版规则-20260919.pdf,36,1,4,1:45|2:60|3:90,7”,6,5+,5,,2.0,needs_field_review,complex_weapon_attacks|unsupported_weapon_keywords,爆炸，重型|速射2|阶段那样对攻击者进行一轮射击(该敌方必须是合理射|额外攻击,pending_manual_review
draft_unit_page_36_p36_tyranids_11_cn.json,draft_unit_page_36_p36,孢子空投仓,11,tyranids_11_cn,tyranids_11_cn,泰伦虫族 锤,泰伦虫族11版中文1.0.pdf,36,1,2,1:80,8,9,3+,10,,2.0,ready_for_base_faction_review,,,pending_manual_review
draft_unit_page_36_p36_world_eaters_10_cn.json,draft_unit_page_36_p36,重锤魔,10,world_eaters_10_cn,world_eaters_10_cn,,吞世者10版中文DavidZ版1.05.pdf,36,1,3,1:150,12,10,3+,12,,2.0,needs_field_review,complex_weapon_damage|missing_faction_keywords|unsupported_weapon_keywords,热熔2|速射1|额外攻击,pending_manual_review
draft_unit_page_37_p37.json,draft_unit_page_37_p37,夺星者哈肯,11,chaos_marines_11_cn,chaos_marines_11_cn,阿斯塔特叛军,混沌星际战士11版中文1.01.pdf,37,1,2,1:90,12,4,3+,5,,2.0,needs_field_review,unsupported_weapon_keywords,m冲锋|突击|连击D3|额外攻击,pending_manual_review
draft_unit_page_37_p37_drukhari_11_cn.json,draft_unit_page_37_p37,天灾重武器小组,11,drukhari_11_cn,drukhari_11_cn,黑暗灵族,黑暗灵族11版中文1.0.pdf,37,1,9,1:110,14,3,4+,1,,2.0,needs_field_review,complex_weapon_damage,反步兵3+|反载具4+|手枪|毁灭伤害|热熔3|突击|重型,pending_manual_review
draft_unit_page_37_p37_emperors_children_10_cn.json,draft_unit_page_37_p37,混沌兰德掠袭者,10,emperors_children_10_cn,emperors_children_10_cn,帝皇之子,帝皇之子10版中文老湿腐版1.06.pdf,37,1,5,1:220,10,12,2+,16,,2.0,needs_field_review,complex_weapon_attacks|unsupported_weapon_keywords,双联|反步兵4+|毁灭伤害|爆炸|连击1|速射|速射2,pending_manual_review
draft_unit_page_37_p37_grey_knights_10_cn.json,draft_unit_page_37_p37,天罚骇骑机甲,10,grey_knights_10_cn,grey_knights_10_cn,：,Codex-灰骑士10版中文v1.1-1.pdf,37,1,6,,"8""",8,2+,13,,2.0,needs_field_review,complex_weapon_damage|missing_points|unsupported_weapon_keywords,受损：剩余1-4 点耐伤|无视掩体、灵能|灵能|灵能、连击1,pending_manual_review
draft_unit_page_37_p37_orks_10_cn.json,draft_unit_page_37_p37,技术小子,10,orks_10_cn,orks_10_cn,兽人,兽人10版中文老湿腐版1.11.pdf,37,1,3,1:45,6,5,5+,4,,2.0,needs_field_review,complex_weapon_attacks|complex_weapon_damage,危险|爆炸,pending_manual_review
draft_unit_page_37_p37_tau_11_cn.json,draft_unit_page_37_p37,克鲁特狂兽小队,11,tau_11_cn,tau_11_cn,钛帝国,钛帝国11版规则-20260919.pdf,37,1,3,3:85|6:170|3:95|6:180,7”,6,5+,5,,2.0,needs_field_review,unsupported_weapon_keywords,突击，手枪|迅猛冲锋|额外攻击，连击1,pending_manual_review
draft_unit_page_37_p37_tyranids_11_cn.json,draft_unit_page_37_p37,石像鬼,11,tyranids_11_cn,tyranids_11_cn,泰伦虫族,泰伦虫族11版中文1.0.pdf,37,1,2,1:80|1:55,12,3,6+,1,,2.0,ready_for_base_faction_review,,突击,pending_manual_review
draft_unit_page_37_p37_world_eaters_10_cn.json,draft_unit_page_37_p37,煅炉魔,10,world_eaters_10_cn,world_eaters_10_cn,吞世者,吞世者10版中文DavidZ版1.05.pdf,37,1,3,1:170,10,10,3+,12,,2.0,needs_field_review,complex_weapon_attacks,爆炸|速射1|速射4,pending_manual_review
draft_unit_page_38_p38.json,draft_unit_page_38_p38,巴尔掠食者,11,blood_angels_11_cn,blood_angels_11_cn,阿斯塔特修会|圣血天使,圣血天使11版中文1.01.pdf,38,1,4,1:125,12,10,3+,11,,2.0,ready_for_base_faction_review,,双联|毁灭伤害|突击|连击1|速射2,pending_manual_review
draft_unit_page_38_p38_chaos_marines_11_cn.json,draft_unit_page_38_p38,瓦什托尔,11,chaos_marines_11_cn,chaos_marines_11_cn,阿斯塔特叛军,混沌星际战士11版中文1.01.pdf,38,1,2,1:220,12,10,2+,14,,2.0,ready_for_base_faction_review,,反载具4+|毁灭伤害,pending_manual_review
draft_unit_page_38_p38_drukhari_11_cn.json,draft_unit_page_38_p38,天灾毒晶枪小队,11,drukhari_11_cn,drukhari_11_cn,黑暗灵族,黑暗灵族11版中文1.0.pdf,38,1,6,1:75,14,3,4+,1,,2.0,needs_field_review,complex_weapon_damage,反步兵3+|手枪|突击,pending_manual_review
draft_unit_page_38_p38_emperors_children_10_cn.json,draft_unit_page_38_p38,夏拉希.魔灾,10,emperors_children_10_cn,emperors_children_10_cn,纵欲军团,帝皇之子10版中文老湿腐版1.06.pdf,38,1,4,1:340,14,10,3+,20,,2.0,needs_field_review,complex_weapon_attacks|complex_weapon_damage|unsupported_weapon_keywords,毁灭伤害|灵能|突击|精准|连击3|额外攻击,pending_manual_review
draft_unit_page_38_p38_imperial_guard_11_cn.json,draft_unit_page_38_p38,灵能导师,11,imperial_guard_11_cn,imperial_guard_11_cn,星界军 群,星界军11版中文1.01.pdf,38,1,4,1:60,6,3,5+,3,,2.0,needs_field_review,complex_weapon_attacks|complex_weapon_damage|unsupported_weapon_keywords,危险|手枪|毁灭伤害|灵能|爆炸,pending_manual_review
draft_unit_page_38_p38_orks_10_cn.json,draft_unit_page_38_p38,监工祖哥高德,10,orks_10_cn,orks_10_cn,兽人,兽人10版中文老湿腐版1.11.pdf,38,1,2,1:90,6,5,5+,5,,2.0,ready_for_base_faction_review,,反巨兽4+|手枪,pending_manual_review
draft_unit_page_38_p38_tau_11_cn.json,draft_unit_page_38_p38,克鲁特猎犬队,11,tau_11_cn,tau_11_cn,钛帝国,钛帝国11版规则-20260919.pdf,38,1,1,5:45|10:65,12”,3,6+,1,,2.0,needs_field_review,unsupported_weapon_keywords,核心：斥候7”|隐匿,pending_manual_review
draft_unit_page_38_p38_tyranids_11_cn.json,draft_unit_page_38_p38,沙蟒,11,tyranids_11_cn,tyranids_11_cn,泰伦虫族,泰伦虫族11版中文1.0.pdf,38,1,2,1:135,10,10,3+,14,,2.0,needs_field_review,unsupported_weapon_keywords,反步兵4+|毁灭伤害|额外攻击,pending_manual_review
draft_unit_page_38_p38_world_eaters_10_cn.json,draft_unit_page_38_p38,亵渎者,10,world_eaters_10_cn,world_eaters_10_cn,吞世者,吞世者10版中文DavidZ版1.05.pdf,38,1,7,1:180,10,10,3+,14,,2.0,needs_field_review,complex_weapon_attacks|complex_weapon_damage|unsupported_weapon_keywords,双联|反步兵4+|毁灭伤害|爆炸|连击1|速射|速射2|速射3|速射4|额外攻击,pending_manual_review
draft_unit_page_39_p39.json,draft_unit_page_39_p39,法比乌斯拜尔,11,chaos_marines_11_cn,chaos_marines_11_cn,阿斯塔特叛军,混沌星际战士11版中文1.01.pdf,39,1,3,1:100,6,4,3+,5,,2.0,needs_field_review,unsupported_weapon_keywords,反步兵2+|手枪|额外攻击,pending_manual_review
draft_unit_page_39_p39_drukhari_11_cn.json,draft_unit_page_39_p39,曼德拉,11,drukhari_11_cn,drukhari_11_cn,黑暗灵族,黑暗灵族11版中文1.0.pdf,39,1,1,1:80,8,3,7+,1,,2.0,ready_for_base_faction_review,,忽视掩体|毁灭伤害|突击,pending_manual_review
draft_unit_page_39_p39_emperors_children_10_cn.json,draft_unit_page_39_p39,守密者,10,emperors_children_10_cn,emperors_children_10_cn,纵欲军团,帝皇之子10版中文老湿腐版1.06.pdf,39,1,4,1:240,14,10,5+,18,,2.0,needs_field_review,unsupported_weapon_keywords,毁灭伤害|灵能|突击|额外攻击,pending_manual_review
draft_unit_page_39_p39_mechanicus_11_cn.json,draft_unit_page_39_p39,武装奴工突破者,11,mechanicus_11_cn,mechanicus_11_cn,机械修会,机械修会11版中文1.01.pdf,39,1,4,1:150,5,7,3+,3,,2.0,needs_field_review,complex_weapon_attacks,反步兵2+|反载具4+|爆炸|速射2,pending_manual_review
draft_unit_page_39_p39_orks_10_cn.json,draft_unit_page_39_p39,瓦兹达卡,10,orks_10_cn,orks_10_cn,兽人 湿,兽人10版中文老湿腐版1.11.pdf,39,1,3,1:175,14,8,3+,10,,2.0,needs_field_review,unsupported_weapon_keywords,突击|精准|迅猛冲锋|额外攻击,pending_manual_review
draft_unit_page_39_p39_tyranids_11_cn.json,draft_unit_page_39_p39,掘蟒,11,tyranids_11_cn,tyranids_11_cn,泰伦虫族,泰伦虫族11版中文1.0.pdf,39,1,2,1:140,10,10,3+,14,,2.0,ready_for_base_faction_review,,连击2,pending_manual_review
draft_unit_page_39_p39_world_eaters_10_cn.json,draft_unit_page_39_p39,地狱兽,10,world_eaters_10_cn,world_eaters_10_cn,吞世者,吞世者10版中文DavidZ版1.05.pdf,39,1,11,1:120,9,9,2+,8,,2.0,needs_field_review,complex_weapon_attacks|complex_weapon_damage|unsupported_weapon_keywords,危险|双联|热熔2|爆炸|连击1|速射1|速射2|速射3|速射4|速射D3,pending_manual_review
draft_unit_page_40_p40.json,draft_unit_page_40_p40,死亡连无畏,11,blood_angels_11_cn,blood_angels_11_cn,,圣血天使11版中文1.01.pdf,40,1,5,,8,10,2+,12,,2.0,needs_field_review,missing_faction_keywords|missing_keywords|missing_points,双联|反飞行4+|连击1|速射3,pending_manual_review
draft_unit_page_40_p40_chaos_marines_11_cn.json,draft_unit_page_40_p40,黑心休伦,11,chaos_marines_11_cn,chaos_marines_11_cn,阿斯塔特叛军,混沌星际战士11版中文1.01.pdf,40,1,1,1:1305,6,5,3+,5,,2.0,ready_for_base_faction_review,,,pending_manual_review
draft_unit_page_40_p40_drukhari_11_cn.json,draft_unit_page_40_p40,滑板恶徒,11,drukhari_11_cn,drukhari_11_cn,黑暗灵族,黑暗灵族11版中文1.0.pdf,40,1,4,1:90,14,4,4+,2,,2.0,needs_field_review,unsupported_weapon_keywords,反步兵3+|手枪|毁灭伤害|突击|精准|迅猛冲锋|连击1,pending_manual_review
draft_unit_page_40_p40_emperors_children_10_cn.json,draft_unit_page_40_p40,魅魔,10,emperors_children_10_cn,emperors_children_10_cn,纵欲军团,帝皇之子10版中文老湿腐版1.06.pdf,40,1,1,,9,3,7+,1,,2.0,needs_field_review,missing_points,毁灭伤害,pending_manual_review
draft_unit_page_40_p40_imperial_guard_11_cn.json,draft_unit_page_40_p40,保镖诺克,11,imperial_guard_11_cn,imperial_guard_11_cn,星界军,星界军11版中文1.01.pdf,40,1,2,1:60,6,6,4+,6,,2.0,ready_for_base_faction_review,,毁灭伤害|速射3,pending_manual_review
draft_unit_page_40_p40_mechanicus_11_cn.json,draft_unit_page_40_p40,武装奴工毁灭者,11,mechanicus_11_cn,mechanicus_11_cn,机械修会,机械修会11版中文1.01.pdf,40,1,5,1:100,5,6,3+,3,,2.0,ready_for_base_faction_review,,危险|反载具2+|忽视掩体|速射1,pending_manual_review
draft_unit_page_40_p40_orks_10_cn.json,draft_unit_page_40_p40,小子,10,orks_10_cn,orks_10_cn,兽人,兽人10版中文老湿腐版1.11.pdf,40,1,6,1:80,6,5,5+,1,,2.0,needs_field_review,complex_weapon_attacks,反步兵4+|手枪|毁灭伤害|爆炸|速射1|速射2,pending_manual_review
draft_unit_page_40_p40_tyranids_11_cn.json,draft_unit_page_40_p40,蛇虫,11,tyranids_11_cn,tyranids_11_cn,泰伦虫族,泰伦虫族11版中文1.0.pdf,40,1,1,1:125,10,5,4+,3,,2.0,ready_for_base_faction_review,,双联,pending_manual_review
draft_unit_page_40_p40_world_eaters_10_cn.json,draft_unit_page_40_p40,混沌歼灭型掠食者,10,world_eaters_10_cn,world_eaters_10_cn,吞世者,吞世者10版中文DavidZ版1.05.pdf,40,1,5,1:145,10,10,3+,11,,2.0,needs_field_review,complex_weapon_attacks|complex_weapon_damage|unsupported_weapon_keywords,双联|反步兵4+|毁灭伤害|爆炸|速射|速射2|速射4,pending_manual_review
draft_unit_page_41_p41.json,draft_unit_page_41_p41,大漩涡主宰,11,chaos_marines_11_cn,chaos_marines_11_cn,阿斯塔特叛军,混沌星际战士11版中文1.01.pdf,41,1,8,1:145,6,4,3+,4,,2.0,needs_field_review,unsupported_weapon_keywords,反人物2+|手枪|灵能|突击|精准,pending_manual_review
draft_unit_page_41_p41_drukhari_11_cn.json,draft_unit_page_41_p41,掠夺者摩托,11,drukhari_11_cn,drukhari_11_cn,黑暗灵族,黑暗灵族11版中文1.0.pdf,41,1,5,1:75,16,4,4+,2,,2.0,needs_field_review,complex_weapon_damage|unsupported_weapon_keywords,反步兵3+|手枪|热熔3|突击|迅猛冲锋,pending_manual_review
draft_unit_page_41_p41_emperors_children_10_cn.json,draft_unit_page_41_p41,狂兽,10,emperors_children_10_cn,emperors_children_10_cn,纵欲军团,帝皇之子10版中文老湿腐版1.06.pdf,41,1,1,1:95,12,5,7+,4,,2.0,ready_for_base_faction_review,,毁灭伤害,pending_manual_review
draft_unit_page_41_p41_imperial_guard_11_cn.json,draft_unit_page_41_p41,欧格林保镖,11,imperial_guard_11_cn,imperial_guard_11_cn,星界军,星界军11版中文1.01.pdf,41,1,4,1:40,6,6,5+,6,,2.0,needs_field_review,complex_weapon_attacks,爆炸|速射3,pending_manual_review
draft_unit_page_41_p41_orks_10_cn.json,draft_unit_page_41_p41,兽霸小子,10,orks_10_cn,orks_10_cn,兽人,兽人10版中文老湿腐版1.11.pdf,41,1,4,1:95,6,5,5+,1,,2.0,needs_field_review,complex_weapon_attacks,手枪|爆炸,pending_manual_review
draft_unit_page_41_p41_tyranids_11_cn.json,draft_unit_page_41_p41,超进化蛇虫,11,tyranids_11_cn,tyranids_11_cn,泰伦虫族 2,泰伦虫族11版中文1.0.pdf,41,1,2,1:165,10,5,4+,6,,2.0,ready_for_base_faction_review,,双联|反巨兽5+|反载具5+,pending_manual_review
draft_unit_page_41_p41_world_eaters_10_cn.json,draft_unit_page_41_p41,混沌破坏型掠食者,10,world_eaters_10_cn,world_eaters_10_cn,吞世者,吞世者10版中文DavidZ版1.05.pdf,41,1,5,1:145,10,10,3+,11,,2.0,needs_field_review,complex_weapon_attacks|complex_weapon_damage|unsupported_weapon_keywords,反步兵4+|毁灭伤害|爆炸|速射|速射4|速射6,pending_manual_review
draft_unit_page_42_p42.json,draft_unit_page_42_p42,克拉维克·莫恩,11,chaos_marines_11_cn,chaos_marines_11_cn,阿斯塔特叛军,混沌星际战士11版中文1.01.pdf,42,1,3,1:120,5,5,2+,6,,2.0,needs_field_review,unsupported_weapon_keywords,反载具2+|毁灭伤害|速射2|额外攻击,pending_manual_review
draft_unit_page_42_p42_drukhari_11_cn.json,draft_unit_page_42_p42,塔洛斯痛苦引擎,11,drukhari_11_cn,drukhari_11_cn,黑暗灵族,黑暗灵族11版中文1.0.pdf,42,1,7,1:75,7,7,3+,7,,2.0,needs_field_review,complex_weapon_damage|unsupported_weapon_keywords,双联|反步兵3+|反载具4+|毁灭伤害|热熔3|突击|连击1|额外攻击,pending_manual_review
draft_unit_page_42_p42_emperors_children_10_cn.json,draft_unit_page_42_p42,寻觅者,10,emperors_children_10_cn,emperors_children_10_cn,纵欲军团,帝皇之子10版中文老湿腐版1.06.pdf,42,1,2,1:80,14,4,7+,2,,2.0,needs_field_review,unsupported_weapon_keywords,毁灭伤害|致命一击|额外攻击,pending_manual_review
draft_unit_page_42_p42_imperial_guard_11_cn.json,draft_unit_page_42_p42,国教牧师,11,imperial_guard_11_cn,imperial_guard_11_cn,星界军 5,星界军11版中文1.01.pdf,42,1,3,1:35,6,3,6+,3,,2.0,ready_for_base_faction_review,,手枪,pending_manual_review
draft_unit_page_42_p42_orks_10_cn.json,draft_unit_page_42_p42,屁精小队,10,orks_10_cn,orks_10_cn,兽人,兽人10版中文老湿腐版1.11.pdf,42,1,4,1:40,6,2,7+,1,,2.0,needs_field_review,unsupported_weapon_keywords,3 手枪|手枪,pending_manual_review
draft_unit_page_42_p42_tyranids_11_cn.json,draft_unit_page_42_p42,红色恐惧,11,tyranids_11_cn,tyranids_11_cn,泰伦虫族,泰伦虫族11版中文1.0.pdf,42,1,1,1:130,10,8,3+,9,,2.0,ready_for_base_faction_review,,,pending_manual_review
draft_unit_page_42_p42_world_eaters_10_cn.json,draft_unit_page_42_p42,混沌兰德掠袭者,10,world_eaters_10_cn,world_eaters_10_cn,,吞世者10版中文DavidZ版1.05.pdf,42,1,4,1:220,10,12,2+,16,,2.0,needs_field_review,complex_weapon_attacks|missing_faction_keywords|unsupported_weapon_keywords,反步兵4+|毁灭伤害|爆炸|速射|速射4,pending_manual_review
draft_unit_page_43_p43.json,draft_unit_page_43_p43,赛佛,11,chaos_marines_11_cn,chaos_marines_11_cn,阿斯塔特叛军,混沌星际战士11版中文1.01.pdf,43,1,3,1:90,6,4,3+,5,,2.0,ready_for_base_faction_review,,手枪|突击|连击1,pending_manual_review
draft_unit_page_43_p43_drukhari_11_cn.json,draft_unit_page_43_p43,克罗诺斯寄生引擎,11,drukhari_11_cn,drukhari_11_cn,黑暗灵族,黑暗灵族11版中文1.0.pdf,43,1,0,1:55,7,7,3+,7,,2.0,needs_field_review,missing_weapons,,pending_manual_review
draft_unit_page_43_p43_imperial_guard_11_cn.json,draft_unit_page_43_p43,政委,11,imperial_guard_11_cn,imperial_guard_11_cn,星界军 战,星界军11版中文1.01.pdf,43,1,5,1:30,6,3,5+,3,,2.0,ready_for_base_faction_review,,危险|手枪,pending_manual_review
draft_unit_page_43_p43_orks_10_cn.json,draft_unit_page_43_p43,烧烤小子,10,orks_10_cn,orks_10_cn,兽人,兽人10版中文老湿腐版1.11.pdf,43,1,4,1:60,6,5,5+,1,,2.0,needs_field_review,complex_weapon_attacks|complex_weapon_damage,危险|爆炸|速射2,pending_manual_review
draft_unit_page_43_p43_tau_11_cn.json,draft_unit_page_43_p43,锤头鲨炮艇,11,tau_11_cn,tau_11_cn,钛帝国,钛帝国11版规则-20260919.pdf,43,1,8,1:140|1:150,10”,10,3+,14,,2.0,needs_field_review,complex_weapon_attacks|complex_weapon_damage|unsupported_weapon_keywords,一次性|曲射|核心：致命破灭D3|毁灭伤害，重型|爆炸|爆炸，危险|突击，双联,pending_manual_review
draft_unit_page_43_p43_tyranids_11_cn.json,draft_unit_page_43_p43,巨噬兽,11,tyranids_11_cn,tyranids_11_cn,泰伦虫族,泰伦虫族11版中文1.0.pdf,43,1,2,1:125,8,11,3+,14,,2.0,needs_field_review,complex_weapon_damage|unsupported_weapon_keywords,精准,pending_manual_review
draft_unit_page_44_p44.json,draft_unit_page_44_p44,永恒卢修斯,11,chaos_marines_11_cn,chaos_marines_11_cn,帝皇之子 5,混沌星际战士11版中文1.01.pdf,44,1,1,,6,4,3+,5,,2.0,needs_field_review,missing_points|unsupported_weapon_keywords,精准,pending_manual_review
draft_unit_page_44_p44_drukhari_11_cn.json,draft_unit_page_44_p44,蹂躏者飞船,11,drukhari_11_cn,drukhari_11_cn,黑暗灵族,黑暗灵族11版中文1.0.pdf,44,1,3,1:100,14,9,4+,11,,2.0,needs_field_review,complex_weapon_damage,,pending_manual_review
draft_unit_page_44_p44_imperial_guard_11_cn.json,draft_unit_page_44_p44,技术牧师工造士,11,imperial_guard_11_cn,imperial_guard_11_cn,星界军 锤,星界军11版中文1.01.pdf,44,1,3,1:45,6,4,3+,3,,2.0,needs_field_review,unsupported_weapon_keywords,手枪|毁灭伤害|额外攻击,pending_manual_review
draft_unit_page_44_p44_orks_10_cn.json,draft_unit_page_44_p44,特战队,10,orks_10_cn,orks_10_cn,兽人,兽人10版中文老湿腐版1.11.pdf,44,1,7,1:120,6,5,5+,1,,2.0,needs_field_review,complex_weapon_attacks,手枪|爆炸|速射2,pending_manual_review
draft_unit_page_44_p44_tau_11_cn.json,draft_unit_page_44_p44,魟,11,tau_11_cn,tau_11_cn,钛帝国,钛帝国11版规则-20260919.pdf,44,1,5,1:140,10”,10,3+,14,,2.0,needs_field_review,complex_weapon_damage|unsupported_weapon_keywords,双联|受损：剩余1-5W时|曲射|核心：致命破灭D3|突击，双联,pending_manual_review
draft_unit_page_44_p44_tyranids_11_cn.json,draft_unit_page_44_p44,撕裂虫群,11,tyranids_11_cn,tyranids_11_cn,泰伦虫族 3,泰伦虫族11版中文1.0.pdf,44,1,2,1:30,6,2,6+,4,,2.0,ready_for_base_faction_review,,手枪|连击1,pending_manual_review
draft_unit_page_44_p44_world_eaters_10_cn.json,draft_unit_page_44_p44,恐虐颅骨之主,10,world_eaters_10_cn,world_eaters_10_cn,吞世者,吞世者10版中文DavidZ版1.05.pdf,44,1,4,1:505,12,13,3+,24,,2.0,needs_field_review,complex_weapon_attacks|complex_weapon_damage,爆炸|速射3|速射4,pending_manual_review
draft_unit_page_45_p45.json,draft_unit_page_45_p45,混沌领主,11,chaos_marines_11_cn,chaos_marines_11_cn,阿斯塔特叛军,混沌星际战士11版中文1.01.pdf,45,1,4,1:90,6,4,3+,5,,2.0,ready_for_base_faction_review,,危险|手枪,pending_manual_review
draft_unit_page_45_p45_drukhari_11_cn.json,draft_unit_page_45_p45,虚空鸦轰炸机,11,drukhari_11_cn,drukhari_11_cn,黑暗灵族,黑暗灵族11版中文1.0.pdf,45,1,5,1:245,-,9,4+,12,,2.0,needs_field_review,complex_weapon_attacks|complex_weapon_damage|non_numeric_movement|non_numeric_objective_control,爆炸,pending_manual_review
draft_unit_page_45_p45_imperial_guard_11_cn.json,draft_unit_page_45_p45,雅瑞克政委,11,imperial_guard_11_cn,imperial_guard_11_cn,,星界军11版中文1.01.pdf,45,1,5,,6,4,4+,5,,2.0,needs_field_review,complex_weapon_damage|missing_faction_keywords|missing_keywords|missing_points|unsupported_weapon_keywords,手枪|精准|速射2,pending_manual_review
draft_unit_page_45_p45_orks_10_cn.json,draft_unit_page_45_p45,拾荒者,10,orks_10_cn,orks_10_cn,兽人,兽人10版中文老湿腐版1.11.pdf,45,1,5,1:50,6,5,5+,1,,2.0,needs_field_review,complex_weapon_attacks|complex_weapon_damage,危险|爆炸|速射1|速射2|重型,pending_manual_review
draft_unit_page_45_p45_tyranids_11_cn.json,draft_unit_page_45_p45,噬灵虫,11,tyranids_11_cn,tyranids_11_cn,泰伦虫族,泰伦虫族11版中文1.0.pdf,45,1,0,1:110,12,9,3+,10,,2.0,needs_field_review,missing_weapons,,pending_manual_review
draft_unit_page_45_p45_world_eaters_10_cn.json,draft_unit_page_45_p45,斯卡布兰德,10,world_eaters_10_cn,world_eaters_10_cn,鲜血魔军,吞世者10版中文DavidZ版1.05.pdf,45,1,2,1:305,10,11,3+,20,,2.0,ready_for_base_faction_review,,,pending_manual_review
draft_unit_page_46_p46.json,draft_unit_page_46_p46,终结者领主,11,chaos_marines_11_cn,chaos_marines_11_cn,阿斯塔特叛军,混沌星际战士11版中文1.01.pdf,46,1,6,1:85,5,5,2+,6,,2.0,needs_field_review,unsupported_weapon_keywords,双联|反步兵4+|反载具3+|毁灭伤害|速射|速射2,pending_manual_review
draft_unit_page_46_p46_drukhari_11_cn.json,draft_unit_page_46_p46,刃翼战斗机,11,drukhari_11_cn,drukhari_11_cn,黑暗灵族,黑暗灵族11版中文1.0.pdf,46,1,7,1:170,-,8,4+,10,,2.0,needs_field_review,complex_weapon_attacks|complex_weapon_damage|non_numeric_movement|non_numeric_objective_control,双联|反步兵2+|反步兵3+|爆炸|突击|速射2,pending_manual_review
draft_unit_page_46_p46_mechanicus_11_cn.json,draft_unit_page_46_p46,西多尼亚枪骑兵,11,mechanicus_11_cn,mechanicus_11_cn,机械修会,机械修会11版中文1.01.pdf,46,1,2,1:60,10,7,3+,7,,2.0,needs_field_review,unsupported_weapon_keywords,7反机甲2+|忽视掩体|手枪|迅猛冲锋|连击2,pending_manual_review
draft_unit_page_46_p46_orks_10_cn.json,draft_unit_page_46_p46,脏枪混混,10,orks_10_cn,orks_10_cn,兽人,兽人10版中文老湿腐版1.11.pdf,46,1,2,1:80,6,5,4+,2,,2.0,ready_for_base_faction_review,,连击1|重型,pending_manual_review
draft_unit_page_46_p46_tyranids_11_cn.json,draft_unit_page_46_p46,喷焰虫,11,tyranids_11_cn,tyranids_11_cn,泰伦虫族,泰伦虫族11版中文1.0.pdf,46,1,1,1:45,5,6,3+,5,,2.0,ready_for_base_faction_review,,,pending_manual_review
draft_unit_page_46_p46_world_eaters_10_cn.json,draft_unit_page_46_p46,嗜血狂魔,10,world_eaters_10_cn,world_eaters_10_cn,,吞世者10版中文DavidZ版1.05.pdf,46,1,6,1:305,12,11,3+,18,,2.0,needs_field_review,complex_weapon_damage|missing_faction_keywords,毁灭伤害,pending_manual_review
draft_unit_page_47_p47.json,draft_unit_page_47_p47,跳跃背包混沌领主,11,chaos_marines_11_cn,chaos_marines_11_cn,阿斯塔特叛军,混沌星际战士11版中文1.01.pdf,47,1,5,1:80,12,4,3+,5,,2.0,ready_for_base_faction_review,,双联|手枪,pending_manual_review
draft_unit_page_47_p47_drukhari_11_cn.json,draft_unit_page_47_p47,劫掠者飞艇,11,drukhari_11_cn,drukhari_11_cn,,黑暗灵族11版中文1.0.pdf,47,1,0,,14,8,4+,10,,2.0,needs_field_review,missing_faction_keywords|missing_keywords|missing_points|missing_weapons,,pending_manual_review
draft_unit_page_47_p47_imperial_guard_11_cn.json,draft_unit_page_47_p47,格雷弗斯政委（坐车）,11,imperial_guard_11_cn,imperial_guard_11_cn,星界军,星界军11版中文1.01.pdf,47,1,4,1:125,12,8,3+,12,,2.0,needs_field_review,unsupported_weapon_keywords,迅猛冲锋|速射3|额外攻击,pending_manual_review
draft_unit_page_47_p47_mechanicus_11_cn.json,draft_unit_page_47_p47,西多尼亚龙骑兵,11,mechanicus_11_cn,mechanicus_11_cn,机械修会 5,机械修会11版中文1.01.pdf,47,1,3,1:55,10,7,3+,7,,2.0,needs_field_review,unsupported_weapon_keywords,反步兵3+|忽视掩体|手枪|精准|重型,pending_manual_review
draft_unit_page_47_p47_necrons_11_cn.json,draft_unit_page_47_p47,之,11,necrons_11_cn,necrons_11_cn,太空死灵,11版太空死灵规则1.01.pdf,47,1,1,1:90,5,5,2+,6,,2.0,ready_for_base_faction_review,,毁灭伤害,pending_manual_review
draft_unit_page_47_p47_orks_10_cn.json,draft_unit_page_47_p47,超重装老大,10,orks_10_cn,orks_10_cn,兽人,兽人10版中文老湿腐版1.11.pdf,47,1,5,1:65,5,6,2+,3,,2.0,ready_for_base_faction_review,,双联|反步兵4+|毁灭伤害|速射1|速射2,pending_manual_review
draft_unit_page_47_p47_world_eaters_10_cn.json,draft_unit_page_47_p47,恐虐碾血者,10,world_eaters_10_cn,world_eaters_10_cn,,吞世者10版中文DavidZ版1.05.pdf,47,1,2,1:110,10,7,3+,4,,2.0,needs_field_review,missing_faction_keywords|unsupported_weapon_keywords,迅猛冲锋|额外攻击,pending_manual_review
draft_unit_page_48_p48.json,draft_unit_page_48_p48,巫师,11,chaos_marines_11_cn,chaos_marines_11_cn,阿斯塔特叛军,混沌星际战士11版中文1.01.pdf,48,1,2,1:60,6,4,3+,4,,2.0,needs_field_review,complex_weapon_damage|unsupported_weapon_keywords,手枪|灵能,pending_manual_review
draft_unit_page_48_p48_imperial_guard_11_cn.json,draft_unit_page_48_p48,格雷弗斯政委(步行),11,imperial_guard_11_cn,imperial_guard_11_cn,星界军,星界军11版中文1.01.pdf,48,1,2,1:65,6,3,4+,4,,2.0,ready_for_base_faction_review,,手枪,pending_manual_review
draft_unit_page_48_p48_mechanicus_11_cn.json,draft_unit_page_48_p48,天蝎座粉碎者坦克,11,mechanicus_11_cn,mechanicus_11_cn,机械修会,机械修会11版中文1.01.pdf,48,1,5,1:160,10,10,2+,12,,2.0,needs_field_review,complex_weapon_attacks|complex_weapon_damage,双联|曲射|爆炸|连击1|速射3,pending_manual_review
draft_unit_page_48_p48_orks_10_cn.json,draft_unit_page_48_p48,老大队,10,orks_10_cn,orks_10_cn,兽人,兽人10版中文老湿腐版1.11.pdf,48,1,4,1:105,6,5,4+,2,,2.0,ready_for_base_faction_review,,反步兵4+|手枪|毁灭伤害|速射1,pending_manual_review
draft_unit_page_48_p48_space_marines_11_cn.json,draft_unit_page_48_p48,罗伯特.基里曼,11,space_marines_11_cn,space_marines_11_cn,阿斯塔特修会|极限战士,星际战士11版中文1.03.pdf,48,1,2,1:355,8,9,2+,10,,2.0,ready_for_base_faction_review,,毁灭伤害|致命一击,pending_manual_review
draft_unit_page_48_p48_tyranids_11_cn.json,draft_unit_page_48_p48,离子炮兽,11,tyranids_11_cn,tyranids_11_cn,泰伦虫族 1,泰伦虫族11版中文1.0.pdf,48,1,2,1:140,8,10,3+,14,,2.0,needs_field_review,complex_weapon_attacks,爆炸|重型,pending_manual_review
draft_unit_page_48_p48_world_eaters_10_cn.json,draft_unit_page_48_p48,放血鬼,10,world_eaters_10_cn,world_eaters_10_cn,,吞世者10版中文DavidZ版1.05.pdf,48,1,1,1:90,8,4,7+,1,,2.0,needs_field_review,missing_faction_keywords,,pending_manual_review
draft_unit_page_49_p49.json,draft_unit_page_49_p49,终结者巫师,11,chaos_marines_11_cn,chaos_marines_11_cn,阿斯塔特湿叛军,混沌星际战士11版中文1.01.pdf,49,1,4,1:80,5,5,2+,5,,2.0,needs_field_review,complex_weapon_attacks|complex_weapon_damage|unsupported_weapon_keywords,反步兵4+|毁灭伤害|灵能|速射1|速射2,pending_manual_review
draft_unit_page_49_p49_drukhari_11_cn.json,draft_unit_page_49_p49,毒灾飞艇,11,drukhari_11_cn,drukhari_11_cn,黑暗灵族,黑暗灵族11版中文1.0.pdf,49,1,3,1:70,14,6,4+,6,,2.0,ready_for_base_faction_review,,双联|反步兵3+|突击|连击1|速射2,pending_manual_review
draft_unit_page_49_p49_imperial_guard_11_cn.json,draft_unit_page_49_p49,卡迪安突击队,11,imperial_guard_11_cn,imperial_guard_11_cn,,星界军11版中文1.01.pdf,49,1,9,,6,3,5+,1,,2.0,needs_field_review,complex_weapon_attacks|complex_weapon_damage|missing_faction_keywords|missing_keywords|missing_points,危险|手枪|爆炸|速射1,pending_manual_review
draft_unit_page_49_p49_necrons_11_cn.json,draft_unit_page_49_p49,奥,11,necrons_11_cn,necrons_11_cn,太空死灵,11版太空死灵规则1.01.pdf,49,1,1,1:90,5,4,4+,4,,2.0,needs_field_review,complex_weapon_damage,毁灭伤害,pending_manual_review
draft_unit_page_49_p49_orks_10_cn.json,draft_unit_page_49_p49,风暴小子,10,orks_10_cn,orks_10_cn,兽人,兽人10版中文老湿腐版1.11.pdf,49,1,1,1:65,12,5,5+,1,,2.0,ready_for_base_faction_review,,手枪,pending_manual_review
draft_unit_page_49_p49_space_marines_11_cn.json,draft_unit_page_49_p49,装备安提洛科斯装甲的卡尔加,11,space_marines_11_cn,space_marines_11_cn,阿斯塔特修会|极限战士,星际战士11版中文1.03.pdf,49,1,2,1:155,6,6,2+,6,,2.0,ready_for_base_faction_review,,双联|手枪,pending_manual_review
draft_unit_page_49_p49_tau_11_cn.json,draft_unit_page_49_p49,潮汐护盾墙,11,tau_11_cn,tau_11_cn,钛帝国,钛帝国11版规则-20260919.pdf,49,1,0,1:85,4”,8,3+,10,,2.0,needs_field_review,missing_weapons,,pending_manual_review
draft_unit_page_49_p49_tyranids_11_cn.json,draft_unit_page_49_p49,刽子手,11,tyranids_11_cn,tyranids_11_cn,泰伦虫族,泰伦虫族11版中文1.0.pdf,49,1,9,1:90,8,9,2+,8,,2.0,needs_field_review,complex_weapon_attacks|complex_weapon_damage|unsupported_weapon_keywords,爆炸|突击|额外攻击,pending_manual_review
draft_unit_page_49_p49_world_eaters_10_cn.json,draft_unit_page_49_p49,觅血猎犬,10,world_eaters_10_cn,world_eaters_10_cn,,吞世者10版中文DavidZ版1.05.pdf,49,1,1,1:75,12,4,7+,2,,2.0,needs_field_review,missing_faction_keywords,,pending_manual_review
draft_unit_page_50_p50.json,draft_unit_page_50_p50,魔机统领,11,chaos_marines_11_cn,chaos_marines_11_cn,阿斯塔特叛军,混沌星际战士11版中文1.01.pdf,50,1,5,1:160,14,9,2+,10,,2.0,needs_field_review,complex_weapon_damage|unsupported_weapon_keywords,反载具2+|手枪|热熔2|迅猛冲锋|额外攻击,pending_manual_review
draft_unit_page_50_p50_leagues_votann_11_cn.json,draft_unit_page_50_p50,实际模型大小,11,leagues_votann_11_cn,leagues_votann_11_cn,沃坦联盟,11E沃坦index 分数更新6.17.pdf,50,1,7,1:85,12,9,3+,9,,2.0,needs_field_review,complex_weapon_attacks|complex_weapon_damage,双联|爆炸|突击|连击1|连击2,pending_manual_review
draft_unit_page_50_p50_mechanicus_11_cn.json,draft_unit_page_50_p50,沙丘爬行者机甲,11,mechanicus_11_cn,mechanicus_11_cn,机械修会,机械修会11版中文1.01.pdf,50,1,8,1:155,8,10,2+,11,,2.0,needs_field_review,complex_weapon_attacks|complex_weapon_damage|unsupported_weapon_keywords,双联|反飞行2+|反飞行4+|忽视掩体|爆炸|连击1|连击D3|速射3|重型,pending_manual_review
draft_unit_page_50_p50_necrons_11_cn.json,draft_unit_page_50_p50,之,11,necrons_11_cn,necrons_11_cn,太空死灵,11版太空死灵规则1.01.pdf,50,1,2,1:80,10,4,4+,4,,2.0,ready_for_base_faction_review,,,pending_manual_review
draft_unit_page_50_p50_orks_10_cn.json,draft_unit_page_50_p50,坦爆队,10,orks_10_cn,orks_10_cn,兽人,兽人10版中文老湿腐版1.11.pdf,50,1,4,1:140,6,5,4+,2,,2.0,needs_field_review,complex_weapon_attacks,反巨兽4+|反载具4+|手枪|爆炸,pending_manual_review
draft_unit_page_50_p50_tau_11_cn.json,draft_unit_page_50_p50,潮汐兵蜂平台,11,tau_11_cn,tau_11_cn,钛帝国,钛帝国11版规则-20260919.pdf,50,1,1,1:85,4”,8,3+,10,,2.0,ready_for_base_faction_review,,突击，双联,pending_manual_review
draft_unit_page_50_p50_tyranids_11_cn.json,draft_unit_page_50_p50,尖啸杀手,11,tyranids_11_cn,tyranids_11_cn,泰伦虫族,泰伦虫族11版中文1.0.pdf,50,1,2,1:125|1:180,8,9,2+,10,,2.0,needs_field_review,complex_weapon_attacks,爆炸|突击,pending_manual_review
draft_unit_page_51_p51.json,draft_unit_page_51_p51,卡迪安重武器班,11,imperial_guard_11_cn,imperial_guard_11_cn,星界军,星界军11版中文1.01.pdf,51,1,7,1:65,6,3,5+,2,,2.0,needs_field_review,complex_weapon_attacks|complex_weapon_damage,手枪|曲射|爆炸|连击1|重型,pending_manual_review
draft_unit_page_51_p51_mechanicus_11_cn.json,draft_unit_page_51_p51,始祖鸟燧火轰炸机,11,mechanicus_11_cn,mechanicus_11_cn,机械修会,机械修会11版中文1.01.pdf,51,1,2,1:160,-,9,3+,10,,2.0,needs_field_review,non_numeric_movement|non_numeric_objective_control,双联|连击1|速射9,pending_manual_review
draft_unit_page_51_p51_orks_10_cn.json,draft_unit_page_51_p51,破拆小子,10,orks_10_cn,orks_10_cn,兽人,兽人10版中文老湿腐版1.11.pdf,51,1,4,1:140,6,5,4+,2,,2.0,needs_field_review,unsupported_weapon_keywords,双联|反巨兽4+|反载具4+|手枪|毁灭伤,pending_manual_review
draft_unit_page_51_p51_space_marines_11_cn.json,draft_unit_page_51_p51,西卡留斯卫队长,11,space_marines_11_cn,space_marines_11_cn,阿斯塔特修会|极限战士,星际战士11版中文1.03.pdf,51,1,4,1:105,6,4,2+,5,,2.0,needs_field_review,unsupported_weapon_keywords,1 毁灭伤害|手枪|精准|连击1,pending_manual_review
draft_unit_page_51_p51_tau_11_cn.json,draft_unit_page_51_p51,潮汐炮台,11,tau_11_cn,tau_11_cn,钛帝国,钛帝国11版规则-20260919.pdf,51,1,1,1:90,4”,8,3+,14,,2.0,needs_field_review,complex_weapon_damage,毁灭伤害，双联,pending_manual_review
draft_unit_page_52_p52.json,draft_unit_page_52_p52,卡迪安侦察小队,11,imperial_guard_11_cn,imperial_guard_11_cn,星界军,星界军11版中文1.01.pdf,52,1,9,1:80,6,3,5+,1,,2.0,needs_field_review,complex_weapon_attacks|complex_weapon_damage|unsupported_weapon_keywords,危险|手枪|热熔2|爆炸|精准|速射1|速射3|重型,pending_manual_review
draft_unit_page_52_p52_mechanicus_11_cn.json,draft_unit_page_52_p52,始祖鸟层云猛禽,11,mechanicus_11_cn,mechanicus_11_cn,机械修会 5,机械修会11版中文1.01.pdf,52,1,4,1:185,-,9,3+,10,,2.0,needs_field_review,complex_weapon_damage|non_numeric_movement|non_numeric_objective_control,双联|忽视掩体|连击1|速射3,pending_manual_review
draft_unit_page_52_p52_orks_10_cn.json,draft_unit_page_52_p52,卡车,10,orks_10_cn,orks_10_cn,兽人 腐,兽人10版中文老湿腐版1.11.pdf,52,1,3,1:70,12,8,4+,10,,2.0,needs_field_review,complex_weapon_damage|unsupported_weapon_keywords,速射2|额外攻击,pending_manual_review
draft_unit_page_52_p52_tau_11_cn.json,draft_unit_page_52_p52,虎鲨,11,tau_11_cn,tau_11_cn,钛帝国,钛帝国11版规则-20260919.pdf,52,1,11,1:325|1:375,-,11,3+,18,,2.0,needs_field_review,complex_weapon_attacks|complex_weapon_damage|non_numeric_movement|non_numeric_objective_control|unsupported_weapon_keywords,一次性|危险|核心：致命破灭D6+2|毁灭伤害|爆炸|爆炸，危险|针对飞行3+，爆炸|阵营：为了上上善道,pending_manual_review
draft_unit_page_52_p52_tyranids_11_cn.json,draft_unit_page_52_p52,枪虫,11,tyranids_11_cn,tyranids_11_cn,泰伦虫族 腐,泰伦虫族11版中文1.0.pdf,52,1,5,1:60,6,3,5+,1,,2.0,needs_field_review,complex_weapon_attacks,双联|手枪|爆炸|突击|重型,pending_manual_review
draft_unit_page_53_p53.json,draft_unit_page_53_p53,阿斯塔特叛军恶魔亲王,11,chaos_marines_11_cn,chaos_marines_11_cn,阿斯塔特叛军,混沌星际战士11版中文1.01.pdf,53,1,2,1:165,8,10,2+,10,,2.0,ready_for_base_faction_review,,,pending_manual_review
draft_unit_page_53_p53_imperial_guard_11_cn.json,draft_unit_page_53_p53,卡舍津突击队,11,imperial_guard_11_cn,imperial_guard_11_cn,,星界军11版中文1.01.pdf,53,1,12,,6,3,4+,1,,2.0,needs_field_review,complex_weapon_attacks|complex_weapon_damage|missing_faction_keywords|missing_keywords|missing_points|unsupported_weapon_keywords,危险|手枪|爆炸|精准|速射1|速射2|重型,pending_manual_review
draft_unit_page_53_p53_leagues_votann_11_cn.json,draft_unit_page_53_p53,实际模型大小,11,leagues_votann_11_cn,leagues_votann_11_cn,沃坦联盟,11E沃坦index 分数更新6.17.pdf,53,1,8,1:250,10,12,2+,16,,2.0,needs_field_review,complex_weapon_attacks|complex_weapon_damage|unsupported_weapon_keywords,一次性武器|双联|毁灭伤害|爆炸|突击|致命一击|转换|连击1|连击2|重型,pending_manual_review
draft_unit_page_53_p53_mechanicus_11_cn.json,draft_unit_page_53_p53,始祖鸟矢量飞梭,11,mechanicus_11_cn,mechanicus_11_cn,机械修会 1,机械修会11版中文1.01.pdf,53,1,2,1:145,14,9,3+,10,,2.0,ready_for_base_faction_review,,双联|连击1|速射9,pending_manual_review
draft_unit_page_53_p53_orks_10_cn.json,draft_unit_page_53_p53,战斗堡垒,10,orks_10_cn,orks_10_cn,兽人 湿,兽人10版中文老湿腐版1.11.pdf,53,1,6,1:160,10,10,3+,16,,2.0,needs_field_review,complex_weapon_attacks|complex_weapon_damage|unsupported_weapon_keywords,曲射|爆炸|速射2|额外攻击,pending_manual_review
draft_unit_page_53_p53_space_marines_11_cn.json,draft_unit_page_53_p53,泰图斯连长,11,space_marines_11_cn,space_marines_11_cn,阿斯塔特修会|极限战士,星际战士11版中文1.03.pdf,53,1,2,1:100,6,4,3+,6,,2.0,ready_for_base_faction_review,,反步兵2+|手枪,pending_manual_review
draft_unit_page_54_p54.json,draft_unit_page_54_p54,阿斯塔特叛军带翼恶魔亲王,11,chaos_marines_11_cn,chaos_marines_11_cn,阿斯塔特叛军,混沌星际战士11版中文1.01.pdf,54,1,3,1:180,12,9,2+,10,,2.0,ready_for_base_faction_review,,,pending_manual_review
draft_unit_page_54_p54_death_guard_11_cn.json,draft_unit_page_54_p54,分数,11,death_guard_11_cn,death_guard_11_cn,死亡守卫,死亡守卫11版中文咸鱼罐头版v1.0.pdf,54,1,6,,10,10,3+,11,,2.0,needs_field_review,complex_weapon_attacks|complex_weapon_damage|missing_points,反步兵4+|毁灭伤害|爆炸|致命一击|连击1|速射1|速射2,pending_manual_review
draft_unit_page_54_p54_orks_10_cn.json,draft_unit_page_54_p54,死死无畏机甲,10,orks_10_cn,orks_10_cn,兽人 锤,兽人10版中文老湿腐版1.11.pdf,54,1,5,1:120,8,9,2+,8,,2.0,needs_field_review,complex_weapon_attacks|complex_weapon_damage|unsupported_weapon_keywords,危险|每额外拥有一个本武器A就+1|爆炸|速射2,pending_manual_review
draft_unit_page_55_p55.json,draft_unit_page_55_p55,次元铁匠,11,chaos_marines_11_cn,chaos_marines_11_cn,阿斯塔特叛军,混沌星际战士11版中文1.01.pdf,55,1,3,1:60,6,4,2+,4,,2.0,needs_field_review,complex_weapon_damage,危险|反载具4+|手枪|热熔2,pending_manual_review
draft_unit_page_55_p55_death_guard_11_cn.json,draft_unit_page_55_p55,分数,11,death_guard_11_cn,death_guard_11_cn,死亡守卫,死亡守卫11版中文咸鱼罐头版v1.0.pdf,55,1,7,,10,10,3+,11,,2.0,needs_field_review,complex_weapon_attacks|complex_weapon_damage|missing_points,反步兵4+|毁灭伤害|爆炸|致命一击|连击1|速射1|速射2,pending_manual_review
draft_unit_page_55_p55_imperial_guard_11_cn.json,draft_unit_page_55_p55,卡塔昌丛林战士,11,imperial_guard_11_cn,imperial_guard_11_cn,星界军,星界军11版中文1.01.pdf,55,1,3,1:75,6,3,5+,1,,2.0,ready_for_base_faction_review,,手枪|速射1,pending_manual_review
draft_unit_page_55_p55_orks_10_cn.json,draft_unit_page_55_p55,死死直升机,10,orks_10_cn,orks_10_cn,兽人 锤,兽人10版中文老湿腐版1.11.pdf,55,1,4,1:80,12,6,4+,4,,2.0,needs_field_review,complex_weapon_attacks|complex_weapon_damage,危险|双联|手枪|爆炸,pending_manual_review
draft_unit_page_55_p55_space_marines_11_cn.json,draft_unit_page_55_p55,莱山德连长,11,space_marines_11_cn,space_marines_11_cn,阿斯塔特修会|帝国之拳 2,星际战士11版中文1.03.pdf,55,1,0,1:100,5,5,2+,7,,2.0,needs_field_review,missing_weapons,,pending_manual_review
draft_unit_page_55_p55_tau_11_cn.json,draft_unit_page_55_p55,蝠鲼,11,tau_11_cn,tau_11_cn,钛帝国,钛帝国11版规则-20260919.pdf,55,1,7,1:2100,40”,14,2+,60,,2.0,needs_field_review,complex_weapon_attacks|complex_weapon_damage|non_numeric_objective_control|unsupported_weapon_keywords,一次性|投造伤骰。|毁灭伤害|爆炸|爆炸，危险,pending_manual_review
draft_unit_page_55_p55_tyranids_11_cn.json,draft_unit_page_55_p55,暴君护卫,11,tyranids_11_cn,tyranids_11_cn,泰伦虫族,泰伦虫族11版中文1.0.pdf,55,1,3,1:80,6,8,3+,4,,2.0,needs_field_review,unsupported_weapon_keywords,3 无|双联,pending_manual_review
draft_unit_page_56_p56.json,draft_unit_page_56_p56,黑暗使徒,11,chaos_marines_11_cn,chaos_marines_11_cn,阿斯塔特叛军,混沌星际战士11版中文1.01.pdf,56,1,3,1:65,6,4,3+,4,,2.0,ready_for_base_faction_review,,手枪,pending_manual_review
draft_unit_page_56_p56_imperial_guard_11_cn.json,draft_unit_page_56_p56,卡塔昌重武器班,11,imperial_guard_11_cn,imperial_guard_11_cn,星界军,星界军11版中文1.01.pdf,56,1,6,1:65,6,3,5+,2,,2.0,needs_field_review,complex_weapon_attacks|complex_weapon_damage,爆炸|连击1|速射1|重型,pending_manual_review
draft_unit_page_56_p56_necrons_11_cn.json,draft_unit_page_56_p56,之,11,necrons_11_cn,necrons_11_cn,太空死灵,11版太空死灵规则1.01.pdf,56,1,3,1:90,8,7,3+,7,,2.0,ready_for_base_faction_review,,速射2,pending_manual_review
draft_unit_page_56_p56_orks_10_cn.json,draft_unit_page_56_p56,搞哥金刚,10,orks_10_cn,orks_10_cn,兽人,兽人10版中文老湿腐版1.11.pdf,56,1,4,1:265,8,12,3+,20,,2.0,needs_field_review,complex_weapon_attacks,双联|爆炸|速射10|速射2,pending_manual_review
draft_unit_page_56_p56_space_marines_11_cn.json,draft_unit_page_56_p56,托尔连长,11,space_marines_11_cn,space_marines_11_cn,阿斯塔特修会|帝国之拳,星际战士11版中文1.03.pdf,56,1,2,1:80,5,6,3+,6,,2.0,ready_for_base_faction_review,,反载具2+,pending_manual_review
draft_unit_page_56_p56_tau_11_cn.json,draft_unit_page_56_p56,逆戟鲸运输机,11,tau_11_cn,tau_11_cn,钛帝国,钛帝国11版规则-20260919.pdf,56,1,3,1:275,20”,12,3+,28,,2.0,needs_field_review,non_numeric_objective_control|unsupported_weapon_keywords,悬浮|核心：致命破灭D6+2|阵营：为了上上善道,pending_manual_review
draft_unit_page_57_p57.json,draft_unit_page_57_p57,红海盗连长,11,chaos_marines_11_cn,chaos_marines_11_cn,阿斯塔特叛军 5,混沌星际战士11版中文1.01.pdf,57,1,4,1:70,6,4,3+,5,,2.0,ready_for_base_faction_review,,危险|手枪,pending_manual_review
draft_unit_page_57_p57_imperial_guard_11_cn.json,draft_unit_page_57_p57,克里格死兵队,11,imperial_guard_11_cn,imperial_guard_11_cn,,星界军11版中文1.01.pdf,57,1,14,,6,3,5+,1,,2.0,needs_field_review,complex_weapon_damage|missing_faction_keywords|missing_keywords|missing_points|unsupported_weapon_keywords,危险|手枪|热熔2|精准|速射1|重型,pending_manual_review
draft_unit_page_57_p57_orks_10_cn.json,draft_unit_page_57_p57,毛哥金刚,10,orks_10_cn,orks_10_cn,兽人,兽人10版中文老湿腐版1.11.pdf,57,1,5,1:280,8,12,3+,20,,2.0,needs_field_review,complex_weapon_attacks|complex_weapon_damage,危险|双联|爆炸|速射2,pending_manual_review
draft_unit_page_57_p57_space_marines_11_cn.json,draft_unit_page_57_p57,铁父费罗斯,11,space_marines_11_cn,space_marines_11_cn,阿斯塔特修会|钢铁之手,星际战士11版中文1.03.pdf,57,1,3,1:85,5,6,2+,6,,2.0,needs_field_review,unsupported_weapon_keywords,手枪|额外攻击,pending_manual_review
draft_unit_page_57_p57_tau_11_cn.json,draft_unit_page_57_p57,重型枪蜂小队,11,tau_11_cn,tau_11_cn,钛帝国,钛帝国11版规则-20260919.pdf,57,1,3,2:45,8”,5,4+,2,,2.0,needs_field_review,unsupported_weapon_keywords,兵蜂护卫：每回合一次|双联|在敌方射击阶段中|本单位6,pending_manual_review
draft_unit_page_57_p57_tyranids_11_cn.json,draft_unit_page_57_p57,孢子雷,11,tyranids_11_cn,tyranids_11_cn,泰伦虫族,泰伦虫族11版中文1.0.pdf,57,1,0,1:55|1:80,4,1,7+,1,,2.0,needs_field_review,missing_weapons,,pending_manual_review
draft_unit_page_58_p58.json,draft_unit_page_58_p58,军团战士,11,chaos_marines_11_cn,chaos_marines_11_cn,,混沌星际战士11版中文1.01.pdf,58,1,17,,6,4,3+,2,,2.0,needs_field_review,complex_weapon_attacks|complex_weapon_damage|missing_faction_keywords|missing_keywords|missing_points|unsupported_weapon_keywords,危险|手枪|灵能|热熔2|爆炸|速射1|重型,pending_manual_review
draft_unit_page_58_p58_necrons_11_cn.json,draft_unit_page_58_p58,之,11,necrons_11_cn,necrons_11_cn,太空死灵,11版太空死灵规则1.01.pdf,58,1,2,1:75,8,5,3+,5,,2.0,ready_for_base_faction_review,,手枪,pending_manual_review
draft_unit_page_58_p58_orks_10_cn.json,draft_unit_page_58_p58,狩猎战车,10,orks_10_cn,orks_10_cn,兽人,兽人10版中文老湿腐版1.11.pdf,58,1,5,1:135,10,10,3+,16,,2.0,needs_field_review,complex_weapon_attacks|unsupported_weapon_keywords,反|反巨兽2+|反巨兽4+|反载具2+|曲射|爆炸|迅猛冲锋|额外攻击,pending_manual_review
draft_unit_page_58_p58_space_marines_11_cn.json,draft_unit_page_58_p58,坎托战团长,11,space_marines_11_cn,space_marines_11_cn,阿斯塔特修会|帝国之拳 1,星际战士11版中文1.03.pdf,58,1,2,1:80,6,4,2+,5,,2.0,ready_for_base_faction_review,,连击1|速射2,pending_manual_review
draft_unit_page_58_p58_tau_11_cn.json,draft_unit_page_58_p58,卡纳罗克巨兽,11,tau_11_cn,tau_11_cn,钛帝国,钛帝国11版规则-20260919.pdf,58,1,4,1:100,9”,8,4+,10,,2.0,needs_field_review,unsupported_weapon_keywords,"双联|段结束前本单位中的模型M值+6""。|连击1|速射1",pending_manual_review
draft_unit_page_59_p59.json,draft_unit_page_59_p59,杀戮战车,10,orks_10_cn,orks_10_cn,兽人,兽人10版中文老湿腐版1.11.pdf,59,1,5,1:155,10,10,3+,16,,2.0,needs_field_review,complex_weapon_attacks|unsupported_weapon_keywords,反|反巨兽2+|反巨兽4+|反载具2+|曲射|爆炸|迅猛冲锋|额外攻击,pending_manual_review
draft_unit_page_59_p59_space_marines_11_cn.json,draft_unit_page_59_p59,凯万史瑞克,11,space_marines_11_cn,space_marines_11_cn,阿斯塔特修会|暗鸦守卫 1,星际战士11版中文1.03.pdf,59,1,2,1:100,12,4,3+,5,,2.0,needs_field_review,unsupported_weapon_keywords,双联|手枪|精准,pending_manual_review
draft_unit_page_60_p60.json,draft_unit_page_60_p60,复仇之爪,11,chaos_marines_11_cn,chaos_marines_11_cn,,混沌星际战士11版中文1.01.pdf,60,1,16,,6,4,3+,2,,2.0,needs_field_review,complex_weapon_attacks|complex_weapon_damage|missing_faction_keywords|missing_keywords|missing_points,危险|双联|手枪|热熔2|爆炸|连击1|速射1|重型,pending_manual_review
draft_unit_page_60_p60_imperial_guard_11_cn.json,draft_unit_page_60_p60,克里格战斗工兵,11,imperial_guard_11_cn,imperial_guard_11_cn,,星界军11版中文1.01.pdf,60,1,8,,6,3,4+,1,,2.0,needs_field_review,missing_faction_keywords|missing_keywords|missing_points,危险|手枪|突击,pending_manual_review
draft_unit_page_60_p60_necrons_11_cn.json,draft_unit_page_60_p60,法,11,necrons_11_cn,necrons_11_cn,太空死灵,11版太空死灵规则1.01.pdf,60,1,1,1:80|1:145,10,5,4+,3,,2.0,ready_for_base_faction_review,,,pending_manual_review
draft_unit_page_60_p60_orks_10_cn.json,draft_unit_page_60_p60,杀戮铁罐,10,orks_10_cn,orks_10_cn,兽人,兽人10版中文老湿腐版1.11.pdf,60,1,4,1:125,6,6,3+,5,,2.0,needs_field_review,complex_weapon_attacks,忽视掩体|毁灭伤害|爆炸|速射2,pending_manual_review
draft_unit_page_60_p60_space_marines_11_cn.json,draft_unit_page_60_p60,艾索·沙恩,11,space_marines_11_cn,space_marines_11_cn,阿斯塔特修会|暗鸦守卫,星际战士11版中文1.03.pdf,60,1,2,1:100,14,4,3+,5,,2.0,ready_for_base_faction_review,,双联|手枪|连击2,pending_manual_review
draft_unit_page_60_p60_tau_11_cn.json,draft_unit_page_60_p60,卡纳罗克骑兵队,11,tau_11_cn,tau_11_cn,钛帝国,钛帝国11版规则-20260919.pdf,60,1,3,3:110,7”,5,5+,4,,2.0,needs_field_review,unsupported_weapon_keywords,速射1|额外攻击,pending_manual_review
draft_unit_page_61_p61.json,draft_unit_page_61_p61,轰轰飚速车,10,orks_10_cn,orks_10_cn,兽人,兽人10版中文老湿腐版1.11.pdf,61,1,4,1:70,12,7,4+,9,,2.0,ready_for_base_faction_review,,手枪|突击|连击1|速射2|速射4,pending_manual_review
draft_unit_page_61_p61_space_marines_11_cn.json,draft_unit_page_61_p61,伏尔甘·赫斯坦,11,space_marines_11_cn,space_marines_11_cn,阿斯塔特修会|火蜥蜴,星际战士11版中文1.03.pdf,61,1,2,1:85,6,4,2+,5,,2.0,ready_for_base_faction_review,,手枪|毁灭伤害,pending_manual_review
draft_unit_page_62_p62.json,draft_unit_page_62_p62,混沌终结者,11,chaos_marines_11_cn,chaos_marines_11_cn,阿斯塔特叛军,混沌星际战士11版中文1.01.pdf,62,1,5,1:175,5,5,2+,3,,2.0,ready_for_base_faction_review,,双联|反步兵4+|反载具3+|毁灭伤害|速射1|速射2,pending_manual_review
draft_unit_page_62_p62_imperial_guard_11_cn.json,draft_unit_page_62_p62,暴风兵小队,11,imperial_guard_11_cn,imperial_guard_11_cn,,星界军11版中文1.01.pdf,62,1,12,,6,3,4+,1,,2.0,needs_field_review,complex_weapon_damage|missing_faction_keywords|missing_keywords|missing_points,危险|手枪|热熔2|速射1|速射2,pending_manual_review
draft_unit_page_62_p62_necrons_11_cn.json,draft_unit_page_62_p62,之,11,necrons_11_cn,necrons_11_cn,太空死灵,11版太空死灵规则1.01.pdf,62,1,3,1:50|1:100|1:150,8,6,3+,4,,2.0,ready_for_base_faction_review,,重型,pending_manual_review
draft_unit_page_62_p62_orks_10_cn.json,draft_unit_page_62_p62,魔改爆裂车,10,orks_10_cn,orks_10_cn,兽人,兽人10版中文老湿腐版1.11.pdf,62,1,3,1:70,12,7,4+,9,,2.0,ready_for_base_faction_review,,手枪|突击|速射3,pending_manual_review
draft_unit_page_63_p63.json,draft_unit_page_63_p63,神选战士,11,chaos_marines_11_cn,chaos_marines_11_cn,阿斯塔特叛军,混沌星际战士11版中文1.01.pdf,63,1,8,1:135,6,4,3+,3,,2.0,ready_for_base_faction_review,,危险|双联|反步兵4+|手枪|毁灭伤害|速射1,pending_manual_review
draft_unit_page_63_p63_orks_10_cn.json,draft_unit_page_63_p63,超霸拖垃圾,10,orks_10_cn,orks_10_cn,兽人,兽人10版中文老湿腐版1.11.pdf,63,1,4,1:75,12,7,4+,9,,2.0,needs_field_review,complex_weapon_attacks,双联|爆炸|速射2,pending_manual_review
draft_unit_page_63_p63_space_marines_11_cn.json,draft_unit_page_63_p63,阔萨罗可汗,11,space_marines_11_cn,space_marines_11_cn,阿斯塔特修会|白疤 1,星际战士11版中文1.03.pdf,63,1,2,1:55,6,4,3+,5,,2.0,needs_field_review,unsupported_weapon_keywords,手枪|毁灭伤害|精准,pending_manual_review
draft_unit_page_63_p63_tau_11_cn.json,draft_unit_page_63_p63,遥感哨塔,11,tau_11_cn,tau_11_cn,钛帝国,钛帝国11版规则-20260919.pdf,63,1,0,1:50,-,8,4+,4,,2.0,needs_field_review,missing_weapons|non_numeric_movement,,pending_manual_review
draft_unit_page_64_p64.json,draft_unit_page_64_p64,附魔战士,11,chaos_marines_11_cn,chaos_marines_11_cn,阿斯塔特叛军 1,混沌星际战士11版中文1.01.pdf,64,1,1,1:120,9,6,3+,3,,2.0,ready_for_base_faction_review,,,pending_manual_review
draft_unit_page_64_p64_imperial_guard_11_cn.json,draft_unit_page_64_p64,暴风兵飞鹰小队,11,imperial_guard_11_cn,imperial_guard_11_cn,,星界军11版中文1.01.pdf,64,1,10,,6,3,4+,1,,2.0,needs_field_review,complex_weapon_damage|missing_faction_keywords|missing_keywords|missing_points|unsupported_weapon_keywords,危险|哨戒武器|手枪|热熔2|突击|精准|速射4|重型,pending_manual_review
draft_unit_page_64_p64_orks_10_cn.json,draft_unit_page_64_p64,跳跳送餐车,10,orks_10_cn,orks_10_cn,兽人,兽人10版中文老湿腐版1.11.pdf,64,1,3,1:95,12,7,4+,9,,2.0,needs_field_review,complex_weapon_attacks,忽视掩体|曲射|爆炸|突击,pending_manual_review
draft_unit_page_64_p64_tau_11_cn.json,draft_unit_page_64_p64,兵蜂哨戒炮,11,tau_11_cn,tau_11_cn,钛帝国,钛帝国11版规则-20260919.pdf,64,1,4,1:50,-,8,4+,4,,2.0,needs_field_review,complex_weapon_damage|non_numeric_movement,双联|热熔2，双联,pending_manual_review
draft_unit_page_65_p65.json,draft_unit_page_65_p65,浩劫,11,chaos_marines_11_cn,chaos_marines_11_cn,,混沌星际战士11版中文1.01.pdf,65,1,14,,5,5,3+,2,,2.0,needs_field_review,complex_weapon_damage|missing_faction_keywords|missing_keywords|missing_points,危险|手枪|热熔2|连击1|速射1,pending_manual_review
draft_unit_page_65_p65_necrons_11_cn.json,draft_unit_page_65_p65,星,11,necrons_11_cn,necrons_11_cn,太空死灵,11版太空死灵规则1.01.pdf,65,1,4,1:110,8,8,3+,12,,2.0,needs_field_review,complex_weapon_attacks|complex_weapon_damage,热熔4|爆炸|致命一击,pending_manual_review
draft_unit_page_65_p65_orks_10_cn.json,draft_unit_page_65_p65,折跃飚速车,10,orks_10_cn,orks_10_cn,兽人 2,兽人10版中文老湿腐版1.11.pdf,65,1,3,1:70,12,7,4+,9,,2.0,needs_field_review,complex_weapon_attacks|complex_weapon_damage|unsupported_weapon_keywords,危险|毁灭伤害|爆炸|精准,pending_manual_review
draft_unit_page_66_p66.json,draft_unit_page_66_p66,欧格林小队,11,imperial_guard_11_cn,imperial_guard_11_cn,星界军,星界军11版中文1.01.pdf,66,1,2,1:60,6,6,5+,3,,2.0,ready_for_base_faction_review,,速射3,pending_manual_review
draft_unit_page_66_p66_orks_10_cn.json,draft_unit_page_66_p66,技师大炮,10,orks_10_cn,orks_10_cn,兽人,兽人10版中文老湿腐版1.11.pdf,66,1,5,1:50,3,5,5+,6,,2.0,needs_field_review,complex_weapon_attacks|complex_weapon_damage,反飞行2+|毁灭伤害|爆炸,pending_manual_review
draft_unit_page_67_p67.json,draft_unit_page_67_p67,泯灭者,11,chaos_marines_11_cn,chaos_marines_11_cn,阿斯塔特叛军,混沌星际战士11版中文1.01.pdf,67,1,4,1:0,4,7,2+,5,,2.0,needs_field_review,complex_weapon_attacks,热熔2|爆炸|连击1,pending_manual_review
draft_unit_page_67_p67_imperial_guard_11_cn.json,draft_unit_page_67_p67,牛格林小队,11,imperial_guard_11_cn,imperial_guard_11_cn,星界军 锤,星界军11版中文1.01.pdf,67,1,3,1:90,6,6,3+,3,,2.0,needs_field_review,complex_weapon_attacks,爆炸,pending_manual_review
draft_unit_page_67_p67_necrons_11_cn.json,draft_unit_page_67_p67,之,11,necrons_11_cn,necrons_11_cn,太空死灵,11版太空死灵规则1.01.pdf,67,1,2,1:65|1:110,5,7,3+,6,,2.0,needs_field_review,complex_weapon_attacks,爆炸,pending_manual_review
draft_unit_page_67_p67_orks_10_cn.json,draft_unit_page_67_p67,古巨基,10,orks_10_cn,orks_10_cn,兽人 湿,兽人10版中文老湿腐版1.11.pdf,67,1,6,1:800,10,14,2+,30,,2.0,needs_field_review,complex_weapon_attacks|complex_weapon_damage,爆炸|连击1|速射2,pending_manual_review
draft_unit_page_67_p67_tau_11_cn.json,draft_unit_page_67_p67,安’史,11,tau_11_cn,tau_11_cn,钛帝国,钛帝国11版规则-20260919.pdf,67,1,1,1:50,6”,3,6+,3,,2.0,ready_for_base_faction_review,,连击1,pending_manual_review
draft_unit_page_68_p68.json,draft_unit_page_68_p68,残杀者,11,chaos_marines_11_cn,chaos_marines_11_cn,阿斯塔特叛军 1,混沌星际战士11版中文1.01.pdf,68,1,3,1:165,5,7,2+,5,,2.0,needs_field_review,complex_weapon_damage,,pending_manual_review
draft_unit_page_68_p68_imperial_guard_11_cn.json,draft_unit_page_68_p68,莱特林小队,11,imperial_guard_11_cn,imperial_guard_11_cn,星界军,星界军11版中文1.01.pdf,68,1,2,1:60,6,2,6+,1,,2.0,needs_field_review,complex_weapon_damage,重型,pending_manual_review
draft_unit_page_68_p68_orks_10_cn.json,draft_unit_page_68_p68,跳跳骑兵,10,orks_10_cn,orks_10_cn,兽人,兽人10版中文老湿腐版1.11.pdf,68,1,6,1:150,10,7,4+,3,,2.0,needs_field_review,unsupported_weapon_keywords,反巨兽4+|反载具4+|手枪|突击|迅猛冲锋|额外攻击,pending_manual_review
draft_unit_page_68_p68_tau_11_cn.json,draft_unit_page_68_p68,遥击,11,tau_11_cn,tau_11_cn,钛帝国,钛帝国11版规则-20260919.pdf,68,1,8,1:140,10”,10,3+,14,,2.0,needs_field_review,complex_weapon_attacks|complex_weapon_damage|unsupported_weapon_keywords,一次性|受损：剩余1-5W时|曲射|核心：致命破灭D3|毁灭伤害，重型|爆炸|爆炸，危险|突击，双联,pending_manual_review
draft_unit_page_69_p69.json,draft_unit_page_69_p69,瘟疫战士,11,chaos_marines_11_cn,chaos_marines_11_cn,死亡守卫,混沌星际战士11版中文1.01.pdf,69,1,10,1:90,5,6,3+,2,,2.0,needs_field_review,complex_weapon_attacks|complex_weapon_damage,危险|手枪|热熔2|爆炸|致命一击|速射1,pending_manual_review
draft_unit_page_69_p69_imperial_guard_11_cn.json,draft_unit_page_69_p69,阿提拉蛮骑兵,11,imperial_guard_11_cn,imperial_guard_11_cn,星界军,星界军11版中文1.01.pdf,69,1,7,1:60,12,4,4+,2,,2.0,needs_field_review,complex_weapon_attacks|complex_weapon_damage|unsupported_weapon_keywords,手枪|迅猛冲锋|速射1|额外攻击,pending_manual_review
draft_unit_page_69_p69_necrons_11_cn.json,draft_unit_page_69_p69,法,11,necrons_11_cn,necrons_11_cn,太空死灵,11版太空死灵规则1.01.pdf,69,1,4,1:95|1:220,10,6,3+,4,,2.0,ready_for_base_faction_review,,毁灭伤害,pending_manual_review
draft_unit_page_69_p69_orks_10_cn.json,draft_unit_page_69_p69,摩托小子,10,orks_10_cn,orks_10_cn,兽人,兽人10版中文老湿腐版1.11.pdf,69,1,6,1:65,12,6,4+,3,,2.0,needs_field_review,unsupported_weapon_keywords,0 突击|双联|手枪|速射2,pending_manual_review
draft_unit_page_70_p70.json,draft_unit_page_70_p70,克里格死亡骑兵,11,imperial_guard_11_cn,imperial_guard_11_cn,星界军,星界军11版中文1.01.pdf,70,1,3,1:60,10,4,4+,2,,2.0,needs_field_review,complex_weapon_attacks|unsupported_weapon_keywords,突击|迅猛冲锋|额外攻击,pending_manual_review
draft_unit_page_71_p71.json,draft_unit_page_71_p71,噪音战士,11,chaos_marines_11_cn,chaos_marines_11_cn,帝皇之子,混沌星际战士11版中文1.01.pdf,71,1,5,1:145,6,5,3+,2,,2.0,ready_for_base_faction_review,,忽视掩体|手枪,pending_manual_review
draft_unit_page_71_p71_imperial_guard_11_cn.json,draft_unit_page_71_p71,野战炮兵,11,imperial_guard_11_cn,imperial_guard_11_cn,星界军,星界军11版中文1.01.pdf,71,1,6,1:90,3,5,4+,6,,2.0,needs_field_review,complex_weapon_attacks|complex_weapon_damage,手枪|曲射|爆炸|速射1|重型,pending_manual_review
draft_unit_page_72_p72.json,draft_unit_page_72_p72,红字战士,11,chaos_marines_11_cn,chaos_marines_11_cn,千子,混沌星际战士11版中文1.01.pdf,72,1,5,1:100,5,4,3+,2,,2.0,needs_field_review,complex_weapon_damage|unsupported_weapon_keywords,危险|反步兵4+|手|手枪|毁灭伤害|灵能,pending_manual_review
draft_unit_page_72_p72_imperial_guard_11_cn.json,draft_unit_page_72_p72,重炮小组,11,imperial_guard_11_cn,imperial_guard_11_cn,星界军,星界军11版中文1.01.pdf,72,1,6,1:95,3,7,3+,10,,2.0,needs_field_review,complex_weapon_attacks,双联|反步兵3+|曲射|爆炸|速射1|重型,pending_manual_review
draft_unit_page_72_p72_necrons_11_cn.json,draft_unit_page_72_p72,之,11,necrons_11_cn,necrons_11_cn,太空死灵,11版太空死灵规则1.01.pdf,72,1,3,1:50,5,4,3+,3,,2.0,ready_for_base_faction_review,,致命一击,pending_manual_review
draft_unit_page_72_p72_tau_11_cn.json,draft_unit_page_72_p72,脂鲤小队,11,tau_11_cn,tau_11_cn,钛帝国,钛帝国11版规则-20260919.pdf,72,1,2,2:80|4:160,14”,7,4+,7,,2.0,ready_for_base_faction_review,,速射1,pending_manual_review
draft_unit_page_73_p73.json,draft_unit_page_73_p73,恐虐狂战士,11,chaos_marines_11_cn,chaos_marines_11_cn,吞世者,混沌星际战士11版中文1.01.pdf,73,1,3,1:170,8,4,3+,2,,2.0,ready_for_base_faction_review,,危险|手枪,pending_manual_review
draft_unit_page_73_p73_imperial_guard_11_cn.json,draft_unit_page_73_p73,侦查哨兵,11,imperial_guard_11_cn,imperial_guard_11_cn,星界军,星界军11版中文1.01.pdf,73,1,9,1:55,10,7,3+,7,,2.0,needs_field_review,complex_weapon_attacks|complex_weapon_damage,一次性|危险|爆炸|重型,pending_manual_review
draft_unit_page_73_p73_tau_11_cn.json,draft_unit_page_73_p73,鮣,11,tau_11_cn,tau_11_cn,钛帝国,钛帝国11版规则-20260919.pdf,73,1,3,2:160,16”,6,3+,5,,2.0,needs_field_review,complex_weapon_damage|unsupported_weapon_keywords,一次性|双联|的标准移动。,pending_manual_review
draft_unit_page_74_p74.json,draft_unit_page_74_p74,猛禽,11,chaos_marines_11_cn,chaos_marines_11_cn,阿斯塔特叛军,混沌星际战士11版中文1.01.pdf,74,1,8,1:110,12,4,3+,2,,2.0,needs_field_review,complex_weapon_damage,危险|手枪|热熔2|速射1,pending_manual_review
draft_unit_page_74_p74_imperial_guard_11_cn.json,draft_unit_page_74_p74,装甲哨兵,11,imperial_guard_11_cn,imperial_guard_11_cn,星界军,星界军11版中文1.01.pdf,74,1,9,1:65,8,8,2+,7,,2.0,needs_field_review,complex_weapon_attacks|complex_weapon_damage,一次性|危险|爆炸|重型,pending_manual_review
draft_unit_page_74_p74_orks_10_cn.json,draft_unit_page_74_p74,大头堡,10,orks_10_cn,orks_10_cn,兽人,兽人10版中文老湿腐版1.11.pdf,74,1,1,1:135,-,10,3+,12,,2.0,needs_field_review,non_numeric_movement|unsupported_weapon_keywords,连击D3,pending_manual_review
draft_unit_page_74_p74_space_marines_11_cn.json,draft_unit_page_74_p74,装备复合武器的先锋军副官,11,space_marines_11_cn,space_marines_11_cn,阿斯塔特修会 5,星际战士11版中文1.03.pdf,74,1,2,1:95,6,4,3+,4,,2.0,ready_for_base_faction_review,,反步兵4+|毁灭伤害|连击1|速射1,pending_manual_review
draft_unit_page_75_p75.json,draft_unit_page_75_p75,次元爪,11,chaos_marines_11_cn,chaos_marines_11_cn,阿斯塔特叛军,混沌星际战士11版中文1.01.pdf,75,1,1,1:125,12,4,3+,2,,2.0,ready_for_base_faction_review,,双联,pending_manual_review
draft_unit_page_75_p75_imperial_guard_11_cn.json,draft_unit_page_75_p75,奇美拉装甲车,11,imperial_guard_11_cn,imperial_guard_11_cn,星界军,星界军11版中文1.01.pdf,75,1,5,1:75,10,9,3+,11,,2.0,needs_field_review,unsupported_weapon_keywords,3 无|连击1|速射2|速射3|速射6,pending_manual_review
draft_unit_page_75_p75_tau_11_cn.json,draft_unit_page_75_p75,战术兵蜂,11,tau_11_cn,tau_11_cn,钛帝国,钛帝国11版规则-20260919.pdf,75,1,2,,8”,3,4+,1,,2.0,needs_field_review,missing_points,突击，双联,pending_manual_review
draft_unit_page_76_p76.json,draft_unit_page_76_p76,红海盗劫掠者,11,chaos_marines_11_cn,chaos_marines_11_cn,阿斯塔特叛军,混沌星际战士11版中文1.01.pdf,76,1,3,1:110,6,4,3+,3,,2.0,needs_field_review,complex_weapon_damage,手枪|热熔2,pending_manual_review
draft_unit_page_76_p76_imperial_guard_11_cn.json,draft_unit_page_76_p76,黎曼鲁斯坦克,11,imperial_guard_11_cn,imperial_guard_11_cn,,星界军11版中文1.01.pdf,76,1,15,,10,11,2+,13,,2.0,needs_field_review,complex_weapon_attacks|complex_weapon_damage|missing_faction_keywords|missing_keywords|missing_points,一次性|危险|双联|忽视掩体|热熔2|爆炸|连击1|速射2|速射3|速射4,pending_manual_review
draft_unit_page_76_p76_necrons_11_cn.json,draft_unit_page_76_p76,奥,11,necrons_11_cn,necrons_11_cn,太空死灵,11版太空死灵规则1.01.pdf,76,1,3,1:80|1:190,5,4,4+,1,,2.0,ready_for_base_faction_review,,致命一击,pending_manual_review
draft_unit_page_77_p77.json,draft_unit_page_77_p77,黑暗巫会,11,chaos_marines_11_cn,chaos_marines_11_cn,阿斯塔特叛军,混沌星际战士11版中文1.01.pdf,77,1,4,1:90,6,3,6+,4,,2.0,needs_field_review,unsupported_weapon_keywords,危险|手枪|灵能|连击2,pending_manual_review
draft_unit_page_77_p77_necrons_11_cn.json,draft_unit_page_77_p77,法,11,necrons_11_cn,necrons_11_cn,太空死灵,11版太空死灵规则1.01.pdf,77,1,3,1:70|1:140,5,5,3+,1,,2.0,ready_for_base_faction_review,,突击|致命一击,pending_manual_review
draft_unit_page_78_p78.json,draft_unit_page_78_p78,叛军执法者,11,chaos_marines_11_cn,chaos_marines_11_cn,阿斯塔特叛军 5,混沌星际战士11版中文1.01.pdf,78,1,3,1:70,6,3,5+,3,,2.0,needs_field_review,unsupported_weapon_keywords,3 手枪,pending_manual_review
draft_unit_page_78_p78_imperial_guard_11_cn.json,draft_unit_page_78_p78,罗格多恩坦克,11,imperial_guard_11_cn,imperial_guard_11_cn,星界军 锤,星界军11版中文1.01.pdf,78,1,8,1:260,10,12,2+,18,,2.0,needs_field_review,complex_weapon_attacks|complex_weapon_damage,热熔2|爆炸|连击1|速射3,pending_manual_review
draft_unit_page_79_p79.json,draft_unit_page_79_p79,邪教徒纵火者,11,chaos_marines_11_cn,chaos_marines_11_cn,阿斯塔特叛军,混沌星际战士11版中文1.01.pdf,79,1,0,1:45,6,4,4+,4,,2.0,needs_field_review,missing_weapons,,pending_manual_review
draft_unit_page_79_p79_imperial_guard_11_cn.json,draft_unit_page_79_p79,石化蜥蜴自行火炮,11,imperial_guard_11_cn,imperial_guard_11_cn,星界军 5,星界军11版中文1.01.pdf,79,1,4,1:115,10,9,3+,11,,2.0,needs_field_review,complex_weapon_attacks|complex_weapon_damage,一次性|曲射|爆炸|连击1,pending_manual_review
draft_unit_page_79_p79_necrons_11_cn.json,draft_unit_page_79_p79,法,11,necrons_11_cn,necrons_11_cn,太空死灵,11版太空死灵规则1.01.pdf,79,1,2,1:60|1:120,5,5,3+,1,,2.0,ready_for_base_faction_review,,重型,pending_manual_review
draft_unit_page_7_p7.json,draft_unit_page_7_p7,守望堡主,0,deathwatch_unknown,deathwatch_unknown,：,死亡守望.pdf,7,1,2,,"6""",4,2+,5,,2.0,needs_field_review,complex_weapon_damage|missing_points|unsupported_weapon_keywords,核心：领袖|骑枪,pending_manual_review
draft_unit_page_80_p80.json,draft_unit_page_80_p80,邪教徒,11,chaos_marines_11_cn,chaos_marines_11_cn,阿斯塔特叛军 锤,混沌星际战士11版中文1.01.pdf,80,1,3,,6,3,6+,1,,2.0,needs_field_review,missing_points,手枪,pending_manual_review
draft_unit_page_80_p80_imperial_guard_11_cn.json,draft_unit_page_80_p80,九头蛇高射炮,11,imperial_guard_11_cn,imperial_guard_11_cn,星界军,星界军11版中文1.01.pdf,80,1,4,1:90,10,9,3+,11,,2.0,needs_field_review,complex_weapon_damage,一次性|双联|反飞行2+|连击1,pending_manual_review
draft_unit_page_81_p81.json,draft_unit_page_81_p81,诅咒教徒,11,chaos_marines_11_cn,chaos_marines_11_cn,阿斯塔特叛军,混沌星际战士11版中文1.01.pdf,81,1,2,1:90,6,4,6+,1,,2.0,needs_field_review,complex_weapon_attacks|unsupported_weapon_keywords,3 无,pending_manual_review
draft_unit_page_81_p81_imperial_guard_11_cn.json,draft_unit_page_81_p81,蝎尾狮火箭炮,11,imperial_guard_11_cn,imperial_guard_11_cn,星界军 5,星界军11版中文1.01.pdf,81,1,4,1:150,10,10,3+,11,,2.0,needs_field_review,complex_weapon_attacks|complex_weapon_damage,一次性|反步兵2+|曲射|爆炸|连击1,pending_manual_review
draft_unit_page_81_p81_necrons_11_cn.json,draft_unit_page_81_p81,之,11,necrons_11_cn,necrons_11_cn,太空死灵,11版太空死灵规则1.01.pdf,81,1,4,1:95,10,8,3+,9,,2.0,ready_for_base_faction_review,,致命一击|连击2,pending_manual_review
draft_unit_page_82_p82.json,draft_unit_page_82_p82,叛变卫队,11,chaos_marines_11_cn,chaos_marines_11_cn,阿斯塔特叛军,混沌星际战士11版中文1.01.pdf,82,1,10,1:70,6,3,5+,1,,2.0,needs_field_review,complex_weapon_damage|unsupported_weapon_keywords,手枪|热熔2|精准|速射1|重型,pending_manual_review
draft_unit_page_82_p82_imperial_guard_11_cn.json,draft_unit_page_82_p82,飞龙自行火炮,11,imperial_guard_11_cn,imperial_guard_11_cn,星界军,星界军11版中文1.01.pdf,82,1,4,1:95,10,9,3+,11,,2.0,needs_field_review,complex_weapon_attacks|complex_weapon_damage,一次性|双联|曲射|爆炸|连击1,pending_manual_review
draft_unit_page_82_p82_necrons_11_cn.json,draft_unit_page_82_p82,之,11,necrons_11_cn,necrons_11_cn,太空死灵,11版太空死灵规则1.01.pdf,82,1,3,1:200,10,9,3+,14,,2.0,needs_field_review,complex_weapon_attacks,爆炸|致命一击,pending_manual_review
draft_unit_page_83_p83.json,draft_unit_page_83_p83,恶角野兽人,11,chaos_marines_11_cn,chaos_marines_11_cn,阿斯塔特叛军,混沌星际战士11版中文1.01.pdf,83,1,6,1:60,6,4,5+,1,,2.0,needs_field_review,complex_weapon_attacks|unsupported_weapon_keywords,手枪|毁灭伤害|灵能,pending_manual_review
draft_unit_page_83_p83_imperial_guard_11_cn.json,draft_unit_page_83_p83,死亡直击导弹,11,imperial_guard_11_cn,imperial_guard_11_cn,星界军,星界军11版中文1.01.pdf,83,1,3,1:125,10,10,3+,11,,2.0,needs_field_review,complex_weapon_damage,一次性|连击1,pending_manual_review
draft_unit_page_83_p83_necrons_11_cn.json,draft_unit_page_83_p83,之,11,necrons_11_cn,necrons_11_cn,太空死灵,11版太空死灵规则1.01.pdf,83,1,3,1:200,-,9,3+,12,,2.0,needs_field_review,complex_weapon_damage|non_numeric_movement|non_numeric_objective_control|unsupported_weapon_keywords,连击2|连击D3,pending_manual_review
draft_unit_page_83_p83_space_marines_11_cn.json,draft_unit_page_83_p83,药剂师,11,space_marines_11_cn,space_marines_11_cn,阿斯塔特修会 1,星际战士11版中文1.03.pdf,83,1,3,1:40,6,4,3+,4,,2.0,ready_for_base_faction_review,,手枪,pending_manual_review
draft_unit_page_84_p84.json,draft_unit_page_84_p84,地狱兽,11,chaos_marines_11_cn,chaos_marines_11_cn,阿斯塔特叛军,混沌星际战士11版中文1.01.pdf,84,1,11,1:130,6,9,2+,8,,2.0,needs_field_review,complex_weapon_attacks|complex_weapon_damage,危险|双联|热熔2|爆炸|速射2,pending_manual_review
draft_unit_page_84_p84_imperial_guard_11_cn.json,draft_unit_page_84_p84,地狱犬喷射车,11,imperial_guard_11_cn,imperial_guard_11_cn,星界军,星界军11版中文1.01.pdf,84,1,5,1:125,10,10,2+,11,,2.0,needs_field_review,complex_weapon_attacks|complex_weapon_damage,一次性|热熔2|热熔4|爆炸|连击1,pending_manual_review
draft_unit_page_84_p84_space_marines_11_cn.json,draft_unit_page_84_p84,生物学药剂师,11,space_marines_11_cn,space_marines_11_cn,阿斯塔特修会,星际战士11版中文1.03.pdf,84,1,2,1:70,5,6,3+,5,,2.0,ready_for_base_faction_review,,手枪,pending_manual_review
draft_unit_page_85_p85.json,draft_unit_page_85_p85,地狱飞龙,11,chaos_marines_11_cn,chaos_marines_11_cn,阿斯塔特叛军,混沌星际战士11版中文1.01.pdf,85,1,2,1:175,12,9,3+,12,,2.0,needs_field_review,non_numeric_objective_control,反飞行2+|毁灭伤害,pending_manual_review
draft_unit_page_85_p85_imperial_guard_11_cn.json,draft_unit_page_85_p85,野牛装甲车,11,imperial_guard_11_cn,imperial_guard_11_cn,星界军 7,星界军11版中文1.01.pdf,85,1,3,1:65,12,8,3+,10,,2.0,ready_for_base_faction_review,,双联|速射2,pending_manual_review
draft_unit_page_85_p85_space_marines_11_cn.json,draft_unit_page_85_p85,旗手,11,space_marines_11_cn,space_marines_11_cn,阿斯塔特修会 1,星际战士11版中文1.03.pdf,85,1,4,1:40,6,4,3+,4,,2.0,ready_for_base_faction_review,,手枪|突击|重型,pending_manual_review
draft_unit_page_86_p86.json,draft_unit_page_86_p86,剧毒爬行者,11,chaos_marines_11_cn,chaos_marines_11_cn,阿斯塔特叛军,混沌星际战士11版中文1.01.pdf,86,1,2,1:120,12,9,3+,9,,2.0,ready_for_base_faction_review,,,pending_manual_review
draft_unit_page_86_p86_imperial_guard_11_cn.json,draft_unit_page_86_p86,金牛装甲车,11,imperial_guard_11_cn,imperial_guard_11_cn,星界军,星界军11版中文1.01.pdf,86,1,8,1:5,12,8,3+,10,,2.0,needs_field_review,complex_weapon_attacks|complex_weapon_damage,双联|毁灭伤害|爆炸|速射2|速射3,pending_manual_review
draft_unit_page_86_p86_space_marines_11_cn.json,draft_unit_page_86_p86,终结者旗手,11,space_marines_11_cn,space_marines_11_cn,阿斯塔特修会 战,星际战士11版中文1.03.pdf,86,1,6,1:65,5,5,2+,5,,2.0,ready_for_base_faction_review,,双联|毁灭伤害|速射2,pending_manual_review
draft_unit_page_87_p87.json,draft_unit_page_87_p87,重锤魔,11,chaos_marines_11_cn,chaos_marines_11_cn,阿斯塔特叛军 5,混沌星际战士11版中文1.01.pdf,87,1,3,1:130,10,10,3+,12,,2.0,needs_field_review,complex_weapon_damage|unsupported_weapon_keywords,热熔2|额外攻击,pending_manual_review
draft_unit_page_87_p87_imperial_guard_11_cn.json,draft_unit_page_87_p87,鹰角兽装甲车,11,imperial_guard_11_cn,imperial_guard_11_cn,星界军 5,星界军11版中文1.01.pdf,87,1,7,1:70,12,8,3+,7,,2.0,needs_field_review,complex_weapon_attacks|complex_weapon_damage,热熔2|爆炸|突击|速射3,pending_manual_review
draft_unit_page_87_p87_space_marines_11_cn.json,draft_unit_page_87_p87,剑卫旗手,11,space_marines_11_cn,space_marines_11_cn,阿斯塔特修会 1,星际战士11版中文1.03.pdf,87,1,2,1:40,6,4,3+,4,,2.0,ready_for_base_faction_review,,手枪,pending_manual_review
draft_unit_page_88_p88.json,draft_unit_page_88_p88,铸造魔,11,chaos_marines_11_cn,chaos_marines_11_cn,阿斯塔特叛军,混沌星际战士11版中文1.01.pdf,88,1,4,1:160,8,10,3+,12,,2.0,needs_field_review,complex_weapon_attacks,爆炸,pending_manual_review
draft_unit_page_88_p88_imperial_guard_11_cn.json,draft_unit_page_88_p88,半人马装甲车,11,imperial_guard_11_cn,imperial_guard_11_cn,星界军,星界军11版中文1.01.pdf,88,1,2,1:65,12,7,3+,10,,2.0,ready_for_base_faction_review,,速射3,pending_manual_review
draft_unit_page_88_p88_space_marines_11_cn.json,draft_unit_page_88_p88,裁决士,11,space_marines_11_cn,space_marines_11_cn,阿斯塔特修会 0,星际战士11版中文1.03.pdf,88,1,2,1:55,6,4,3+,4,,2.0,needs_field_review,unsupported_weapon_keywords,手枪|毁灭伤害|精准,pending_manual_review
draft_unit_page_89_p89.json,draft_unit_page_89_p89,混沌兰德掠袭者,11,chaos_marines_11_cn,chaos_marines_11_cn,阿斯塔特叛军,混沌星际战士11版中文1.01.pdf,89,1,6,1:220,10,12,2+,16,,2.0,needs_field_review,complex_weapon_attacks|complex_weapon_damage,双联|反步兵4+|毁灭伤害|爆炸|连击1|速射1|速射2,pending_manual_review
draft_unit_page_89_p89_imperial_guard_11_cn.json,draft_unit_page_89_p89,毒刃系列超重型坦克,11,imperial_guard_11_cn,imperial_guard_11_cn,,星界军11版中文1.01.pdf,89,1,4,,12,13,2+,24,,2.0,needs_field_review,complex_weapon_attacks|complex_weapon_damage|missing_faction_keywords|missing_keywords|missing_points,双联|爆炸|连击1|速射3,pending_manual_review
draft_unit_page_89_p89_space_marines_11_cn.json,draft_unit_page_89_p89,连队英雄,11,space_marines_11_cn,space_marines_11_cn,阿斯塔特修会腐,星际战士11版中文1.03.pdf,89,1,5,1:105,6,4,3+,4,,2.0,needs_field_review,unsupported_weapon_keywords,手枪|毁灭伤害|精准|连击2|速射1|重型,pending_manual_review
draft_unit_page_8_p8.json,draft_unit_page_8_p8,守望堡主,10,deathwatch_10_cn,deathwatch_10_cn,：,死亡守望 10.8.pdf,8,1,2,,"6""",4,2+,5,,2.0,needs_field_review,complex_weapon_damage|missing_points|unsupported_weapon_keywords,核心：领袖|骑枪,pending_manual_review
draft_unit_page_90_p90.json,draft_unit_page_90_p90,歼灭者型猎食者坦克,11,chaos_marines_11_cn,chaos_marines_11_cn,阿斯塔特叛军,混沌星际战士11版中文1.01.pdf,90,1,7,1:145,10,10,3+,11,,2.0,needs_field_review,complex_weapon_attacks|complex_weapon_damage,双联|反步兵4+|毁灭伤害|爆炸|连击1|速射1|速射2,pending_manual_review
draft_unit_page_90_p90_necrons_11_cn.json,draft_unit_page_90_p90,之,11,necrons_11_cn,necrons_11_cn,太空死灵,11版太空死灵规则1.01.pdf,90,1,2,1:285,8,13,2+,24,,2.0,ready_for_base_faction_review,,针对飞行4+,pending_manual_review
draft_unit_page_90_p90_space_marines_11_cn.json,draft_unit_page_90_p90,常胜荣誉卫队,11,space_marines_11_cn,space_marines_11_cn,阿斯塔特修会|极限战士,星际战士11版中文1.03.pdf,90,1,3,1:110,6,4,2+,3,,2.0,needs_field_review,unsupported_weapon_keywords,双联|精准,pending_manual_review
draft_unit_page_91_p91.json,draft_unit_page_91_p91,破坏者型猎食者坦克,11,chaos_marines_11_cn,chaos_marines_11_cn,阿斯塔特叛军,混沌星际战士11版中文1.01.pdf,91,1,7,1:150,10,10,3+,11,,2.0,needs_field_review,complex_weapon_attacks|complex_weapon_damage,反步兵4+|毁灭伤害|爆炸|连击1|速射1|速射2,pending_manual_review
draft_unit_page_91_p91_imperial_guard_11_cn.json,draft_unit_page_91_p91,女武神炮艇,11,imperial_guard_11_cn,imperial_guard_11_cn,星界军,星界军11版中文1.01.pdf,91,1,6,1:170,14,10,2+,14,,2.0,needs_field_review,complex_weapon_attacks|complex_weapon_damage|non_numeric_objective_control,反飞行2+|爆炸|连击1,pending_manual_review
draft_unit_page_91_p91_space_marines_11_cn.json,draft_unit_page_91_p91,仲裁者小队,11,space_marines_11_cn,space_marines_11_cn,阿老斯塔特修会,星际战士11版中文1.03.pdf,91,1,9,1:80,6,4,3+,2,,2.0,needs_field_review,complex_weapon_attacks|complex_weapon_damage,危险|手枪|毁灭伤害|爆炸|突击|重型,pending_manual_review
draft_unit_page_92_p92.json,draft_unit_page_92_p92,混沌维护者突击炮,11,chaos_marines_11_cn,chaos_marines_11_cn,阿斯塔特叛军,混沌星际战士11版中文1.01.pdf,92,1,5,1:185,9,11,2+,11,,2.0,needs_field_review,complex_weapon_attacks|complex_weapon_damage|unsupported_weapon_keywords,1 无|3 爆炸|反步兵4+|毁灭伤害|爆炸|速射1|速射2,pending_manual_review
draft_unit_page_92_p92_imperial_guard_11_cn.json,draft_unit_page_92_p92,神盾防御墙,11,imperial_guard_11_cn,imperial_guard_11_cn,星界军,星界军11版中文1.01.pdf,92,1,0,,-,12,2+,10,,2.0,needs_field_review,missing_points|missing_weapons|non_numeric_movement,,pending_manual_review
draft_unit_page_92_p92_space_marines_11_cn.json,draft_unit_page_92_p92,跳跃背包突击仲裁者小队,11,space_marines_11_cn,space_marines_11_cn,阿斯塔特修会,星际战士11版中文1.03.pdf,92,1,4,1:85,12,4,3+,2,,2.0,ready_for_base_faction_review,,手枪,pending_manual_review
draft_unit_page_93_p93.json,draft_unit_page_93_p93,污染者,11,chaos_marines_11_cn,chaos_marines_11_cn,阿斯塔特叛军,混沌星际战士11版中文1.01.pdf,93,1,10,1:300,12,11,3+,18,,2.0,needs_field_review,complex_weapon_attacks|complex_weapon_damage|unsupported_weapon_keywords,0 爆炸|毁灭伤害|热熔2|爆炸|连击1|连击2|额外攻击,pending_manual_review
draft_unit_page_93_p93_space_marines_11_cn.json,draft_unit_page_93_p93,突击仲裁者小队,11,space_marines_11_cn,space_marines_11_cn,阿斯塔特修会 战,星际战士11版中文1.03.pdf,93,1,7,1:75,6,4,3+,2,,2.0,ready_for_base_faction_review,,危险|手枪|毁灭伤害,pending_manual_review
draft_unit_page_94_p94.json,draft_unit_page_94_p94,犀牛装甲车,11,chaos_marines_11_cn,chaos_marines_11_cn,阿斯塔特叛军 1,混沌星际战士11版中文1.01.pdf,94,1,4,1:75,12,9,3+,10,,2.0,needs_field_review,complex_weapon_attacks,反步兵4+|毁灭伤害|爆炸|速射1|速射2,pending_manual_review
draft_unit_page_94_p94_necrons_11_cn.json,draft_unit_page_94_p94,之,11,necrons_11_cn,necrons_11_cn,太空死灵,11版太空死灵规则1.01.pdf,94,1,1,1:60|1:120|1:180,-,9,3+,7,,2.0,needs_field_review,non_numeric_movement,,pending_manual_review
draft_unit_page_94_p94_space_marines_11_cn.json,draft_unit_page_94_p94,焚狱者小队,11,space_marines_11_cn,space_marines_11_cn,阿斯塔特修会,星际战士11版中文1.03.pdf,94,1,2,1:585,6,4,3+,2,,2.0,ready_for_base_faction_review,,手枪,pending_manual_review
draft_unit_page_95_p95.json,draft_unit_page_95_p95,恐虐颅骨之王,11,chaos_marines_11_cn,chaos_marines_11_cn,阿斯塔特叛军,混沌星际战士11版中文1.01.pdf,95,1,5,1:450,8,13,3+,24,,2.0,needs_field_review,complex_weapon_attacks|complex_weapon_damage,爆炸,pending_manual_review
draft_unit_page_95_p95_space_marines_11_cn.json,draft_unit_page_95_p95,剑卫老兵小队,11,space_marines_11_cn,space_marines_11_cn,阿斯塔特修会,星际战士11版中文1.03.pdf,95,1,4,1:80,6,4,3+,3,,2.0,ready_for_base_faction_review,,危险|手枪|毁灭伤害,pending_manual_review
draft_unit_page_96_p96.json,draft_unit_page_96_p96,混沌摩托队,11,chaos_marines_11_cn,chaos_marines_11_cn,,混沌星际战士11版中文1.01.pdf,96,1,11,,12,5,3+,3,,2.0,needs_field_review,complex_weapon_damage|missing_faction_keywords|missing_keywords|missing_points,危险|反步兵4+|手枪|毁灭伤害|热熔2|速射1|速射2,pending_manual_review
draft_unit_page_96_p96_space_marines_11_cn.json,draft_unit_page_96_p96,肃卫老兵小队,11,space_marines_11_cn,space_marines_11_cn,阿斯塔特修会,星际战士11版中文1.03.pdf,96,1,8,1:100,6,4,3+,2,,2.0,needs_field_review,unsupported_weapon_keywords,3反步兵4+|手枪|毁灭伤|毁灭伤害|突击|连击1|速射1|重型,pending_manual_review
draft_unit_page_97_p97.json,draft_unit_page_97_p97,混沌卵,11,chaos_marines_11_cn,chaos_marines_11_cn,阿斯老塔特叛军,混沌星际战士11版中文1.01.pdf,97,1,1,1:70|1:60,8,5,4+,4,,2.0,needs_field_review,complex_weapon_attacks,,pending_manual_review
draft_unit_page_97_p97_space_marines_11_cn.json,draft_unit_page_97_p97,地狱轰击者小队,11,space_marines_11_cn,space_marines_11_cn,阿斯塔特修会,星际战士11版中文1.03.pdf,97,1,5,1:110,6,4,3+,2,,2.0,ready_for_base_faction_review,,危险|手枪|突击|重型,pending_manual_review
draft_unit_page_98_p98.json,draft_unit_page_98_p98,黑石魔冠,11,chaos_marines_11_cn,chaos_marines_11_cn,阿斯塔特叛军 群,混沌星际战士11版中文1.01.pdf,98,1,0,1:125,-,11,3+,14,,2.0,needs_field_review,missing_weapons|non_numeric_movement,,pending_manual_review
draft_unit_page_98_p98_space_marines_11_cn.json,draft_unit_page_98_p98,寂灭者小队,11,space_marines_11_cn,space_marines_11_cn,阿斯塔特修会,星际战士11版中文1.03.pdf,98,1,6,1:180,6,4,3+,2,,2.0,needs_field_review,complex_weapon_attacks|complex_weapon_damage,手枪|曲射|爆炸|重型,pending_manual_review
draft_unit_page_99_p99.json,draft_unit_page_99_p99,重装仲裁者小队,11,space_marines_11_cn,space_marines_11_cn,阿斯塔特修会 战,星际战士11版中文1.03.pdf,99,1,3,1:100,5,6,3+,3,,2.0,ready_for_base_faction_review,,手枪|突击|连击1|重型,pending_manual_review
draft_unit_page_9_p9.json,draft_unit_page_9_p9,守望连长阿尔忒弥斯,0,deathwatch_unknown,deathwatch_unknown,：,死亡守望.pdf,9,1,1,,"6""",4,3+,4,,2.0,needs_field_review,missing_points,,pending_manual_review
draft_venomthropes_p56.json,draft_venomthropes_p56,Venomthropes,11,tyranids_11_cn,tyranids_11_cn,泰伦虫族,泰伦虫族11版中文1.0.pdf,56,1,1,1:55|1:60,6,5,4+,3,,2.0,ready_for_base_faction_review,,反步兵2+,pending_manual_review
draft_vigilant_squad_p35.json,draft_vigilant_squad_p35,Vigilant Squad,10,imperial_agents_10_cn,imperial_agents_10_cn,帝國特勤。,10E-帝国特勤2.0YAZE版.pdf,35,1,6,1:105,6,3,4+,1,,2.0,needs_field_review,complex_weapon_attacks|complex_weapon_damage|unsupported_weapon_keywords,手槍|無|無視掩體|爆炸|突擊|精準|速射3,pending_manual_review
draft_vindicare_assassin_p15.json,draft_vindicare_assassin_p15,Vindicare Assassin,10,imperial_agents_10_cn,imperial_agents_10_cn,帝國特勤。,10E-帝国特勤2.0YAZE版.pdf,15,1,2,1:105,7,4,6+,4,,2.0,needs_field_review,complex_weapon_damage,,pending_manual_review
draft_voidsmen_at_arms_p43.json,draft_voidsmen_at_arms_p43,Voidsmen-at-Arms,10,imperial_agents_10_cn,imperial_agents_10_cn,帝國特勤。,10E-帝国特勤2.0YAZE版.pdf,43,1,4,1:50,6,3,4+,1,,2.0,ready_for_base_faction_review,,手槍|突擊|速射1|連擊1|重型,pending_manual_review
draft_warboss_in_mega_armour_p23.json,draft_warboss_in_mega_armour_p23,Warboss In Mega Armour,10,orks_10_cn,orks_10_cn,兽人,兽人10版中文老湿腐版1.11.pdf,23,1,2,,5,6,2+,7,,2.0,needs_field_review,missing_points,速射2,pending_manual_review
draft_wardens_of_ultramar_p54.json,draft_wardens_of_ultramar_p54,Wardens of Ultramar,11,space_marines_11_cn,space_marines_11_cn,阿斯塔特修会腐|极限战士,星际战士11版中文1.03.pdf,54,1,7,1:120,6,4,3+,4,,2.0,needs_field_review,complex_weapon_attacks|unsupported_weapon_keywords,双联|手枪|灵能|爆炸,pending_manual_review
draft_watch_captain_artemis_p27.json,draft_watch_captain_artemis_p27,Watch Captain Artemis,10,imperial_agents_10_cn,imperial_agents_10_cn,帝國特勤。,10E-帝国特勤2.0YAZE版.pdf,27,1,0,1:75,6,4,3+,4,,2.0,needs_field_review,missing_keywords|missing_weapons,,pending_manual_review
draft_watch_master_p26.json,draft_watch_master_p26,Watch Master,10,imperial_agents_10_cn,imperial_agents_10_cn,帝國特勤。,10E-帝国特勤2.0YAZE版.pdf,26,1,1,1:115,6,4,2+,5,,2.0,ready_for_base_faction_review,,無,pending_manual_review
draft_with_heavy_volkanite_disintegrators_p45.json,draft_with_heavy_volkanite_disintegrators_p45,With heavy volkanite disintegrators,11,leagues_votann_11_cn,leagues_votann_11_cn,沃坦联盟,11E沃坦index 分数更新6.17.pdf,45,1,4,,5,6,2+,3,40.0,2.0,needs_field_review,missing_points,手枪|毁灭伤害|连击1,pending_manual_review
draft_with_melee_weapons_p46.json,draft_with_melee_weapons_p46,With melee weapons,11,leagues_votann_11_cn,leagues_votann_11_cn,沃坦联盟,11E沃坦index 分数更新6.17.pdf,46,1,3,,5,6,2+,3,40.0,2.0,needs_field_review,missing_points,手枪|致命一击|连击1,pending_manual_review
draft_wulfen_p27.json,draft_wulfen_p27,Wulfen,11,space_wolves_11_cn,space_wolves_11_cn,阿斯塔特修会|太空野狼 2,太空野狼11版中文1.01.pdf,27,1,2,1:85,9,6,4+,2,,2.0,needs_field_review,complex_weapon_attacks,爆炸|突击|连击1,pending_manual_review
draft_wulfen_with_storm_shields_p28.json,draft_wulfen_with_storm_shields_p28,Wulfen with Storm Shields,11,space_wolves_11_cn,space_wolves_11_cn,阿斯塔特修会|太空野狼,太空野狼11版中文1.01.pdf,28,1,2,1:100,9,6,4+,2,,2.0,needs_field_review,complex_weapon_attacks,反巨兽3+|反载具3+|爆炸|突击,pending_manual_review
draft_xv104_p42.json,draft_xv104_p42,(XV104)激流战斗服,11,tau_11_cn,tau_11_cn,钛帝国,钛帝国11版规则-20260919.pdf,42,1,8,1:180|1:210,10”,9,2+,14,,2.0,needs_field_review,complex_weapon_damage|unsupported_weapon_keywords,危险|双联|曲射，双联|核心：致命破灭D6|热熔2，双联|阵营：为了上上善道,pending_manual_review
draft_xv107_p70.json,draft_xv107_p70,(XV107)燃雨战斗服,11,tau_11_cn,tau_11_cn,钛帝国,钛帝国11版规则-20260919.pdf,70,1,3,1:200,8”,10,2+,15,,2.0,needs_field_review,complex_weapon_attacks|unsupported_weapon_keywords,核心：致命破灭D6,pending_manual_review
draft_xv109_p71.json,draft_xv109_p71,(XV109)焰涌战斗服,11,tau_11_cn,tau_11_cn,钛帝国,钛帝国11版规则-20260919.pdf,71,1,5,1:210,10”,9,2+,15,,2.0,needs_field_review,complex_weapon_attacks|unsupported_weapon_keywords,核心：致命破灭D6|武器支援系统：本模型射击时可忽略部分或全部命中|爆炸|爆炸，危险,pending_manual_review
draft_xv26_p26.json,draft_xv26_p26,(XV26)潜行战斗服小队,11,tau_11_cn,tau_11_cn,钛帝国,钛帝国11版规则-20260919.pdf,26,1,5,5:100|5:110,8”,4,3+,2,,2.0,needs_field_review,complex_weapon_damage|unsupported_weapon_keywords,手枪|核心：渗透者|热熔2|突击，双联|隐匿,pending_manual_review
draft_xv85_p16.json,draft_xv85_p16,(XV85)强执战斗服指挥官,11,tau_11_cn,tau_11_cn,钛帝国,钛帝国11版规则-20260919.pdf,16,1,9,1:80,8”,5,2+,6,,2.0,needs_field_review,complex_weapon_attacks|complex_weapon_damage|unsupported_weapon_keywords,危险|强执指挥官：当本模型领导一个单位时|战斗服支援系统：装备者所在单位撤退的当回合可以射|每次本单位对|热熔2|爆炸，曲射|突击，双联|装备能力|阵营：为了上上善道,pending_manual_review
draft_xv86_p17.json,draft_xv86_p17,(XV86)冷星战斗服指挥官,11,tau_11_cn,tau_11_cn,钛帝国,钛帝国11版规则-20260919.pdf,17,1,10,1:95,12”,5,3+,6,,2.0,needs_field_review,complex_weapon_attacks|complex_weapon_damage|unsupported_weapon_keywords,冷星指挥官：当本模型领导一个单位时|单位中的模型|危险|战斗服支援系统：装备者所在单位撤退的当回合可以射|热熔2|爆炸，曲射|突击，双联|装备能力|阵营：为了上上善道,pending_manual_review
draft_xv88_p41.json,draft_xv88_p41,(XV88)炮击战斗服小队,11,tau_11_cn,tau_11_cn,钛帝国,钛帝国11版规则-20260919.pdf,41,1,8,1:75|2:150|3:240|1:95|2:170|3:260,5”,6,2+,8,,2.0,needs_field_review,complex_weapon_damage,一次性|双联|曲射，双联|突击，双联|重型，毁灭伤害,pending_manual_review
draft_xv8_p23.json,draft_xv8_p23,(XV8)危机日铸战斗服小队,11,tau_11_cn,tau_11_cn,钛帝国,钛帝国11版规则-20260919.pdf,23,1,3,3:125|3:135,10”,5,3+,4,,2.0,needs_field_review,complex_weapon_damage,热熔2|突击，双联,pending_manual_review
draft_xv8_p24.json,draft_xv8_p24,(XV8)危机火刃战斗服小队,11,tau_11_cn,tau_11_cn,钛帝国,钛帝国11版规则-20260919.pdf,24,1,4,3:100|3:110,10”,5,3+,4,,2.0,needs_field_review,unsupported_weapon_keywords,核心：深入打击|武器支援系统：装备者射击时可忽略部分或全部命中|突击，双联|阵营：为了上上善道,pending_manual_review
draft_xv8_p25.json,draft_xv8_p25,(XV8)危机星镰战斗服小队,11,tau_11_cn,tau_11_cn,钛帝国,钛帝国11版规则-20260919.pdf,25,1,3,3:90|3:100,10”,5,3+,4,,2.0,needs_field_review,unsupported_weapon_keywords,战斗服支援系统：本单位撤退的当回合可如常射击。|核心：深入打击|突击，双联,pending_manual_review
draft_xv8_p65.json,draft_xv8_p65,(XV8)危机战斗服指挥官,11,tau_11_cn,tau_11_cn,钛帝国,钛帝国11版规则-20260919.pdf,65,1,9,1:80,10”,5,3+,5,,2.0,needs_field_review,complex_weapon_attacks|complex_weapon_damage|unsupported_weapon_keywords,危机指挥官：当本模型领导一个单位时|危险|战斗服支援系统：装备者所在单位撤退的当回合可以射|本单位中的模|热熔2|爆炸，曲射|突击，双联|装备能力|阵营：为了上上善道,pending_manual_review
draft_xv8_p69.json,draft_xv8_p69,(XV8)危机战斗服小队,11,tau_11_cn,tau_11_cn,钛帝国,钛帝国11版规则-20260919.pdf,69,1,9,3:200|6:400,10”,5,3+,4,,2.0,needs_field_review,complex_weapon_attacks|complex_weapon_damage|unsupported_weapon_keywords,危险|战斗服支援系统：装备者所在单位撤退的当回合可以射|改为直|涡轮喷气背包：本单位加速移动时不投加速骰|热熔2|爆炸，曲射|突击，双联|装备能力|阵营：为了上上善道,pending_manual_review
draft_xv95_p27.json,draft_xv95_p27,(XV95)鬼覆战斗服,11,tau_11_cn,tau_11_cn,钛帝国,钛帝国11版规则-20260919.pdf,27,1,6,1:150|1:160,10”,8,2+,12,,2.0,needs_field_review,complex_weapon_damage|unsupported_weapon_keywords,危险|双联|战斗服支援系统：装备者所在单位撤退的当回合可以射|核心：致命破灭D3|渗透者|热熔2|热熔2，双联|独行特工|隐匿,pending_manual_review
draft_xv9_p62.json,draft_xv9_p62,XV9灾害战斗服小队,11,tau_11_cn,tau_11_cn,钛帝国,钛帝国11版规则-20260919.pdf,62,1,5,1:55|2:110,8”,6,3+,4,,2.0,needs_field_review,complex_weapon_damage|unsupported_weapon_keywords,双联|热熔4|突击，双联|阵营：为了上上善道,pending_manual_review
